Salary,SH%,CBar ,G.Slap,OTOI,Pct%,E+/-,PDO,Pace,+/-,Min,xGA,iTKA.1,DPS,G.Wrap,iPEND,Game,Match,PSG,Post,S.Slap
925000.0,0.0,0.0,0.0,40.03,0.0,0.0,750.0,175.7,-2.0,0.0,0.9,0.0,-0.2,0.0,0.0,0.0,0.0,0.0,0.0,1.0
2250000.0,7.4,0.0,1.0,2850.59,39.7,-10.4,989.0,112.5,-11.0,10.0,88.8,22.0,3.4,0.0,5.0,0.0,0.0,0.0,1.0,49.0
8000000.0,9.7,0.0,0.0,2486.75,64.0,-1.4,1031.0,114.8,-7.0,12.0,46.4,26.0,1.3,0.0,8.0,0.0,0.0,0.0,2.0,3.0
3500000.0,6.2,0.0,0.0,1074.41,31.4,-5.3,959.0,105.1,-14.0,4.0,33.6,4.0,0.4,0.0,6.0,0.0,0.0,0.0,0.0,18.0
1750000.0,7.8,0.0,0.0,3459.09,43.1,4.1,995.0,99.5,9.0,33.0,47.5,36.0,1.4,0.0,29.0,1.0,0.0,0.0,2.0,3.0
1500000.0,9.8,0.0,2.0,3069.81,60.2,0.7,1033.0,107.4,12.0,12.0,59.9,11.0,3.7,0.0,8.0,0.0,0.0,0.0,1.0,32.0
950000.0,14.3,0.0,0.0,113.46,100.0,0.3,1143.0,89.8,1.0,0.0,0.5,2.0,0.1,0.0,0.0,0.0,0.0,0.0,0.0,0.0
842500.0,4.7,0.0,0.0,1261.25,32.0,-4.1,972.0,106.3,-7.0,2.0,17.2,12.0,0.2,0.0,6.0,0.0,0.0,0.0,0.0,7.0
1250000.0,4.0,0.0,0.0,2250.18,27.5,-7.9,964.0,101.0,-19.0,6.0,33.7,17.0,0.3,0.0,6.0,0.0,0.0,0.0,0.0,4.0
925000.0,4.4,0.0,0.0,373.48,28.6,-2.6,952.0,101.9,-3.0,1.0,3.7,0.0,0.0,0.0,0.0,0.0,0.0,0.0,0.0,1.0
800000.0,4.8,1.0,0.0,1937.88,34.5,0.8,959.0,114.5,-6.0,6.0,21.2,9.0,0.1,0.0,7.0,0.0,0.0,0.0,0.0,2.0
600000.0,4.7,0.0,2.0,2903.93,34.0,-5.7,971.0,107.6,-12.0,12.0,32.5,13.0,0.5,0.0,7.0,0.0,0.0,0.0,1.0,5.0
1000000.0,6.8,0.0,0.0,2649.17,35.0,-9.0,962.0,109.1,-16.0,12.0,32.1,11.0,0.1,0.0,7.0,0.0,0.0,0.0,0.0,7.0
925000.0,7.7,1.0,2.0,3411.7,43.0,-0.6,983.0,101.5,-16.0,30.0,46.3,43.0,0.8,0.0,16.0,0.0,0.0,0.0,0.0,5.0
950000.0,6.3,0.0,0.0,3327.53,38.9,-6.5,974.0,106.4,-16.0,9.0,54.1,40.0,0.9,0.0,7.0,0.0,0.0,0.0,2.0,24.0
680000.0,5.2,0.0,0.0,771.85,36.8,-0.4,973.0,106.9,-3.0,6.0,12.1,4.0,0.4,0.0,0.0,0.0,0.0,0.0,0.0,8.0
590000.0,7.8,1.0,1.0,3086.34,50.7,7.8,994.0,113.3,0.0,6.0,37.6,20.0,0.6,0.0,19.0,0.0,0.0,0.0,6.0,8.0
650000.0,0.0,0.0,0.0,212.16,0.0,-1.4,870.0,104.9,-3.0,2.0,3.0,1.0,-0.1,0.0,0.0,0.0,0.0,0.0,0.0,1.0
2250000.0,7.6,0.0,4.0,2783.42,44.4,-2.3,1006.0,117.8,10.0,20.0,75.4,16.0,3.2,0.0,4.0,1.0,0.0,0.0,0.0,26.0
600000.0,8.3,0.0,0.0,340.46,50.0,0.4,1018.0,99.5,2.0,0.0,5.3,0.0,0.5,0.0,1.0,0.0,0.0,0.0,0.0,1.0
5000000.0,7.9,0.0,0.0,2832.12,41.7,2.6,982.0,122.4,-20.0,8.0,88.8,34.0,1.3,0.0,8.0,0.0,0.0,0.0,1.0,16.0
5250000.0,10.2,2.0,0.0,3146.08,61.3,8.7,1016.0,109.0,14.0,9.0,49.2,59.0,2.3,0.0,8.0,0.0,0.0,0.0,4.0,18.0
925000.0,9.1,0.0,1.0,3233.56,62.7,7.2,1019.0,121.6,-3.0,16.0,50.4,59.0,1.1,0.0,6.0,0.0,0.0,0.0,5.0,11.0
1600000.0,6.5,0.0,0.0,3033.39,38.1,-4.8,982.0,108.0,-10.0,19.0,64.8,18.0,2.4,0.0,1.0,0.0,0.0,0.0,2.0,24.0
717500.0,8.5,0.0,3.0,2942.85,46.8,5.3,993.0,110.4,9.0,27.0,74.0,21.0,4.8,0.0,7.0,0.0,0.0,0.0,1.0,30.0
925000.0,10.8,0.0,6.0,2847.67,67.6,14.8,1018.0,120.0,11.0,17.0,43.0,50.0,2.2,0.0,31.0,0.0,0.0,0.0,4.0,55.0
900000.0,4.2,0.0,0.0,267.39,20.0,-1.5,888.0,118.0,-5.0,0.0,4.2,3.0,-0.1,0.0,2.0,0.0,0.0,0.0,0.0,1.0
3750000.0,10.3,0.0,0.0,3419.13,57.7,5.1,1014.0,101.3,-2.0,27.0,51.5,48.0,1.6,1.0,23.0,0.0,0.0,0.0,3.0,14.0
792500.0,5.9,0.0,0.0,456.16,22.2,-1.7,903.0,110.1,-4.0,1.0,4.3,1.0,-0.1,0.0,1.0,0.0,0.0,0.0,0.0,0.0
600000.0,6.3,0.0,0.0,2507.79,43.8,0.7,986.0,109.9,-6.0,9.0,27.3,19.0,0.7,0.0,6.0,0.0,0.0,0.0,2.0,4.0
6000000.0,9.7,1.0,3.0,3088.97,62.0,0.8,1008.0,124.9,-13.0,14.0,48.8,18.0,1.2,0.0,15.0,0.0,0.0,0.0,3.0,16.0
5500000.0,7.4,1.0,2.0,2672.51,50.7,2.4,984.0,112.1,-18.0,15.0,69.3,52.0,2.8,0.0,9.0,0.0,0.0,0.0,5.0,80.0
724500.0,7.5,2.0,0.0,2497.64,45.5,-8.2,1015.0,96.9,0.0,5.0,25.6,8.0,0.7,1.0,14.0,1.0,0.0,0.0,1.0,2.0
725000.0,8.0,0.0,1.0,1368.03,61.9,-0.4,1023.0,99.2,4.0,3.0,10.8,7.0,0.6,0.0,3.0,0.0,0.0,0.0,0.0,2.0
4000000.0,8.9,1.0,1.0,2523.16,48.6,5.1,993.0,113.0,8.0,29.0,50.8,18.0,3.9,0.0,16.0,0.0,0.0,0.0,0.0,42.0
800000.0,4.8,0.0,0.0,249.57,16.7,-1.1,926.0,105.3,0.0,0.0,4.1,1.0,0.1,0.0,0.0,0.0,0.0,0.0,0.0,1.0
4250000.0,10.0,1.0,6.0,2498.76,55.2,4.5,1007.0,116.9,7.0,9.0,72.2,16.0,4.1,0.0,14.0,0.0,0.0,0.0,1.0,79.0
742500.0,9.5,0.0,2.0,2885.99,53.2,10.7,1007.0,105.9,23.0,6.0,82.5,80.0,6.7,0.0,4.0,0.0,0.0,0.0,2.0,42.0
750000.0,7.6,1.0,0.0,1389.74,43.8,0.1,976.0,112.7,-1.0,5.0,25.4,4.0,1.1,0.0,0.0,0.0,0.0,0.0,0.0,25.0
4500000.0,8.8,0.0,0.0,2678.66,46.3,1.8,997.0,106.9,1.0,10.0,68.3,26.0,3.9,0.0,9.0,0.0,0.0,0.0,1.0,40.0
3000000.0,9.8,0.0,1.0,2946.39,50.3,7.5,1008.0,112.9,21.0,24.0,81.3,28.0,5.0,0.0,6.0,0.0,0.0,0.0,1.0,30.0
630000.0,6.3,0.0,0.0,2980.16,50.0,5.4,957.0,105.7,-15.0,10.0,25.9,19.0,0.7,0.0,6.0,0.0,0.0,0.0,4.0,8.0
2200000.0,9.8,1.0,0.0,2493.8,46.3,5.8,987.0,116.4,1.0,25.0,45.8,16.0,1.0,0.0,20.0,1.0,0.0,0.0,0.0,4.0
650000.0,3.7,0.0,0.0,212.2,20.0,0.7,855.0,88.5,-3.0,0.0,1.9,0.0,-0.1,0.0,0.0,0.0,0.0,0.0,0.0,1.0
1300000.0,10.5,2.0,0.0,3427.97,56.6,11.3,1027.0,108.7,21.0,12.0,55.2,40.0,2.3,0.0,19.0,0.0,0.0,0.0,2.0,2.0
925000.0,10.4,1.0,1.0,3239.72,66.2,3.6,1033.0,108.0,9.0,8.0,54.2,44.0,1.9,0.0,16.0,0.0,0.0,0.0,0.0,6.0
700000.0,9.8,0.0,0.0,1249.62,44.1,-2.9,1016.0,99.7,0.0,9.0,17.2,3.0,1.0,0.0,1.0,0.0,0.0,0.0,0.0,2.0
1200000.0,10.0,0.0,1.0,899.19,47.6,-0.2,1020.0,122.0,3.0,8.0,25.3,7.0,1.0,0.0,7.0,0.0,0.0,0.0,0.0,11.0
925000.0,7.1,2.0,1.0,3080.32,41.9,-1.1,976.0,107.3,-7.0,15.0,73.8,23.0,3.9,0.0,6.0,0.0,0.0,0.0,2.0,33.0
925000.0,5.0,0.0,0.0,3016.84,24.3,-8.7,943.0,114.9,-20.0,14.0,49.6,14.0,0.2,2.0,9.0,0.0,0.0,0.0,2.0,12.0
6000000.0,8.9,0.0,0.0,3022.37,56.5,10.5,998.0,111.3,-1.0,14.0,56.4,55.0,1.8,1.0,19.0,0.0,0.0,0.0,3.0,0.0
950000.0,2.8,0.0,0.0,549.24,7.7,-1.1,817.0,111.9,-5.0,1.0,6.4,2.0,-0.1,0.0,0.0,0.0,0.0,0.0,0.0,0.0
2500000.0,9.6,0.0,0.0,2944.0,54.2,2.8,995.0,114.1,-2.0,8.0,56.3,54.0,1.6,0.0,11.0,0.0,0.0,0.0,0.0,7.0
1050000.0,8.2,0.0,1.0,3062.33,51.2,8.1,1001.0,109.3,5.0,9.0,39.6,24.0,1.1,0.0,6.0,0.0,0.0,0.0,0.0,19.0
792500.0,3.4,0.0,0.0,767.24,37.5,5.3,956.0,108.1,-2.0,1.0,5.6,4.0,0.1,0.0,4.0,0.0,0.0,0.0,0.0,1.0
600000.0,10.0,0.0,0.0,123.46,50.0,0.1,1017.0,104.0,0.0,0.0,1.6,1.0,0.0,0.0,0.0,0.0,0.0,0.0,0.0,0.0
4750000.0,6.2,0.0,1.0,3353.28,33.0,-13.1,957.0,103.8,-26.0,11.0,40.8,30.0,0.4,0.0,12.0,0.0,0.0,0.0,2.0,2.0
925000.0,7.7,0.0,0.0,120.71,50.0,0.0,994.0,95.5,0.0,1.0,1.0,0.0,0.1,0.0,0.0,0.0,0.0,0.0,0.0,0.0
6000000.0,10.1,4.0,1.0,3005.15,57.1,9.9,1002.0,120.2,4.0,19.0,65.1,63.0,1.6,0.0,30.0,0.0,0.0,0.0,5.0,15.0
925000.0,4.0,0.0,0.0,168.48,25.0,-1.4,961.0,118.3,-2.0,0.0,2.7,3.0,0.0,0.0,0.0,0.0,0.0,0.0,0.0,0.0
767500.0,8.5,0.0,0.0,736.95,58.8,1.0,1030.0,109.3,5.0,4.0,11.2,12.0,0.5,0.0,0.0,0.0,0.0,0.0,1.0,1.0
3500000.0,11.0,0.0,3.0,3424.44,64.5,-2.3,1047.0,120.5,13.0,11.0,75.5,36.0,2.0,0.0,7.0,0.0,0.0,0.0,2.0,21.0
4500000.0,9.3,1.0,6.0,2931.93,54.7,-13.7,1013.0,115.5,-3.0,6.0,85.7,26.0,2.9,0.0,6.0,0.0,0.0,0.0,2.0,56.0
750000.0,3.2,0.0,0.0,2087.95,31.3,0.5,964.0,111.2,-6.0,4.0,12.0,9.0,0.1,0.0,6.0,0.0,0.0,0.0,0.0,4.0
3100000.0,7.5,0.0,1.0,2541.35,46.4,-2.9,1002.0,110.4,5.0,9.0,75.0,36.0,3.3,0.0,11.0,0.0,0.0,0.0,3.0,21.0
2350000.0,11.2,0.0,3.0,2843.53,60.5,5.1,1033.0,108.9,15.0,22.0,55.9,18.0,3.9,0.0,10.0,1.0,0.0,0.0,2.0,55.0
750000.0,0.0,0.0,0.0,149.3,0.0,0.1,1000.0,84.2,0.0,1.0,1.0,1.0,0.0,0.0,0.0,0.0,0.0,0.0,0.0,0.0
700000.0,5.9,0.0,0.0,2319.0,50.0,-2.1,1006.0,105.1,0.0,6.0,18.9,14.0,0.6,0.0,5.0,0.0,0.0,0.0,3.0,6.0
6750000.0,10.2,0.0,2.0,2967.03,56.8,8.1,1013.0,111.8,22.0,27.0,81.0,45.0,6.3,0.0,12.0,0.0,0.0,0.0,1.0,42.0
600000.0,9.7,0.0,1.0,480.08,75.0,0.4,1059.0,110.4,5.0,2.0,5.1,1.0,0.4,0.0,2.0,0.0,0.0,0.0,0.0,2.0
650000.0,5.6,1.0,0.0,349.65,42.9,0.1,997.0,113.0,-1.0,0.0,4.2,0.0,0.1,0.0,2.0,0.0,0.0,0.0,0.0,6.0
2600000.0,0.0,0.0,0.0,33.51,0.0,0.0,1000.0,93.1,0.0,0.0,0.7,0.0,0.0,0.0,0.0,0.0,0.0,0.0,0.0,0.0
667500.0,9.5,0.0,1.0,2292.59,62.5,-1.1,1029.0,113.4,9.0,11.0,28.9,16.0,1.3,0.0,5.0,0.0,0.0,0.0,1.0,10.0
925000.0,8.5,0.0,1.0,2621.01,51.2,-11.5,999.0,108.7,-16.0,10.0,58.0,26.0,2.4,0.0,13.0,0.0,0.0,0.0,1.0,42.0
2100000.0,6.3,0.0,0.0,3333.51,44.4,-3.0,990.0,104.9,-2.0,6.0,48.9,15.0,1.6,1.0,3.0,0.0,0.0,0.0,4.0,6.0
7000000.0,8.7,0.0,3.0,3024.59,52.0,10.3,1001.0,112.6,3.0,11.0,74.6,19.0,4.2,0.0,6.0,0.0,0.0,0.0,3.0,70.0
667500.0,0.0,0.0,0.0,123.26,0.0,0.3,1000.0,102.5,0.0,0.0,0.6,0.0,0.0,0.0,0.0,0.0,0.0,0.0,0.0,0.0
5000000.0,8.7,0.0,2.0,2738.06,58.1,2.5,1003.0,112.2,-10.0,15.0,41.7,40.0,0.9,0.0,14.0,0.0,0.0,0.0,1.0,15.0
3900000.0,8.3,1.0,1.0,3149.2,48.1,4.0,974.0,112.6,-17.0,12.0,72.3,5.0,3.7,0.0,5.0,0.0,0.0,0.0,1.0,49.0
625000.0,8.3,2.0,0.0,3177.67,39.6,-10.6,988.0,114.2,-8.0,20.0,72.0,40.0,1.1,0.0,9.0,0.0,0.0,0.0,1.0,3.0
2750000.0,10.1,1.0,0.0,3293.46,51.9,3.1,988.0,100.9,-8.0,13.0,51.2,34.0,1.5,0.0,15.0,0.0,0.0,0.0,6.0,16.0
3400000.0,10.8,1.0,0.0,3234.73,64.6,5.8,1034.0,110.2,18.0,23.0,53.9,43.0,2.1,0.0,19.0,0.0,0.0,0.0,3.0,12.0
842500.0,8.6,0.0,0.0,437.01,75.0,-0.9,1052.0,91.4,1.0,1.0,5.2,4.0,0.3,0.0,1.0,0.0,0.0,0.0,0.0,3.0
5500000.0,9.3,0.0,0.0,3001.33,54.5,7.1,1019.0,106.2,32.0,18.0,61.7,12.0,5.2,0.0,6.0,0.0,0.0,0.0,0.0,36.0
575000.0,6.7,0.0,0.0,835.19,45.8,2.8,976.0,105.5,-1.0,4.0,10.4,12.0,0.3,0.0,3.0,0.0,0.0,0.0,0.0,0.0
5500000.0,6.8,0.0,1.0,2641.98,43.0,-3.7,977.0,104.4,-20.0,20.0,44.3,14.0,0.5,0.0,28.0,0.0,0.0,0.0,0.0,16.0
925000.0,0.0,0.0,0.0,81.68,0.0,-0.3,900.0,106.6,-1.0,0.0,0.5,0.0,0.0,0.0,0.0,0.0,0.0,0.0,0.0,0.0
5750000.0,11.8,0.0,0.0,2544.57,59.6,-2.7,1038.0,110.1,9.0,15.0,51.5,35.0,1.4,0.0,9.0,0.0,0.0,0.0,2.0,1.0
715000.0,7.0,0.0,0.0,1614.32,47.2,-5.3,988.0,110.5,-6.0,3.0,20.9,18.0,0.4,0.0,6.0,0.0,0.0,0.0,2.0,6.0
925000.0,7.6,1.0,1.0,2607.94,41.3,-11.3,989.0,113.3,-14.0,16.0,57.0,12.0,1.4,0.0,6.0,0.0,0.0,0.0,0.0,16.0
3250000.0,4.5,0.0,0.0,514.44,45.5,1.4,991.0,102.5,0.0,4.0,10.6,2.0,0.6,0.0,3.0,0.0,0.0,0.0,0.0,10.0
925000.0,5.8,1.0,4.0,2574.08,45.9,-6.5,973.0,111.2,-23.0,29.0,57.0,25.0,1.7,0.0,12.0,0.0,0.0,0.0,3.0,108.0
825000.0,8.5,0.0,0.0,3050.6,50.0,13.1,1005.0,106.7,14.0,26.0,75.4,23.0,4.7,0.0,15.0,0.0,0.0,0.0,1.0,18.0
3575000.0,10.2,1.0,1.0,3392.51,54.1,5.6,997.0,111.8,9.0,13.0,66.4,57.0,2.1,0.0,6.0,1.0,0.0,0.0,5.0,18.0
600000.0,0.0,0.0,0.0,128.16,0.0,-0.1,929.0,114.9,-1.0,0.0,0.7,0.0,0.0,0.0,0.0,0.0,0.0,0.0,0.0,0.0
5850000.0,9.2,1.0,0.0,3326.55,52.4,-2.8,1016.0,118.1,16.0,23.0,76.9,38.0,2.1,0.0,17.0,0.0,0.0,1.0,1.0,0.0
750000.0,8.2,1.0,1.0,3300.53,56.8,1.6,1016.0,113.6,7.0,10.0,47.0,23.0,1.6,1.0,16.0,0.0,0.0,0.0,3.0,7.0
5000000.0,7.5,0.0,1.0,2406.18,39.8,-3.0,986.0,105.3,-16.0,4.0,69.5,23.0,2.5,0.0,4.0,0.0,0.0,1.0,1.0,28.0
660000.0,5.6,0.0,0.0,77.19,33.3,0.4,913.0,80.6,-1.0,0.0,1.1,0.0,0.0,0.0,0.0,0.0,0.0,0.0,0.0,2.0
3000000.0,11.3,1.0,2.0,2490.38,57.0,3.1,996.0,111.0,-11.0,15.0,38.7,33.0,0.5,0.0,18.0,0.0,0.0,0.0,3.0,18.0
2500000.0,7.2,0.0,0.0,574.58,31.3,0.2,901.0,95.4,-6.0,4.0,5.3,2.0,-0.1,0.0,6.0,0.0,0.0,0.0,0.0,4.0
800000.0,5.2,0.0,1.0,2280.95,32.8,-12.8,969.0,104.9,-18.0,9.0,42.3,6.0,0.9,1.0,4.0,0.0,0.0,0.0,2.0,26.0
925000.0,9.2,0.0,0.0,2469.01,61.7,-4.0,1034.0,106.8,10.0,3.0,31.5,46.0,1.2,0.0,6.0,0.0,0.0,0.0,0.0,7.0
13800000.0,11.2,1.0,2.0,3057.71,63.0,-6.5,1030.0,114.0,11.0,16.0,69.2,49.0,2.1,1.0,19.0,0.0,0.0,0.0,8.0,26.0
3500000.0,7.5,1.0,2.0,3292.76,46.8,-4.1,981.0,109.3,-13.0,6.0,60.2,49.0,1.4,0.0,9.0,0.0,0.0,0.0,0.0,35.0
7000000.0,9.7,1.0,0.0,3461.14,57.0,2.4,997.0,119.5,2.0,18.0,61.0,24.0,2.3,0.0,10.0,0.0,0.0,0.0,3.0,12.0
6000000.0,10.8,1.0,3.0,3179.57,64.2,6.1,1024.0,120.0,11.0,15.0,56.3,33.0,2.4,0.0,17.0,0.0,0.0,0.0,7.0,36.0
925000.0,10.3,1.0,0.0,2989.84,65.1,7.1,1018.0,113.6,14.0,34.0,41.6,40.0,1.9,0.0,35.0,0.0,0.0,0.0,5.0,4.0
727500.0,7.7,0.0,0.0,83.98,100.0,0.3,1077.0,129.6,1.0,0.0,0.5,0.0,0.1,0.0,1.0,0.0,0.0,0.0,0.0,0.0
2500000.0,10.3,0.0,0.0,3294.23,57.4,0.8,1016.0,109.3,2.0,15.0,49.4,57.0,1.8,0.0,12.0,0.0,0.0,0.0,5.0,6.0
1000000.0,6.7,0.0,0.0,2933.64,37.9,-19.0,991.0,118.1,-9.0,20.0,83.7,11.0,2.5,0.0,10.0,0.0,0.0,0.0,0.0,32.0
700000.0,0.0,0.0,0.0,416.76,0.0,-1.3,950.0,82.0,-2.0,1.0,3.3,1.0,0.0,0.0,2.0,0.0,0.0,0.0,0.0,0.0
2350000.0,5.5,0.0,1.0,1921.05,42.2,-2.3,974.0,114.6,-7.0,5.0,28.2,13.0,0.6,1.0,10.0,0.0,0.0,0.0,1.0,3.0
2750000.0,5.7,0.0,1.0,3146.74,43.8,6.7,979.0,108.2,-2.0,20.0,53.7,11.0,3.0,0.0,9.0,0.0,0.0,0.0,1.0,28.0
925000.0,9.6,0.0,0.0,3190.76,61.6,7.6,1018.0,122.4,2.0,6.0,59.6,74.0,1.5,0.0,21.0,0.0,0.0,0.0,6.0,6.0
7450000.0,8.2,2.0,8.0,2726.66,57.1,10.4,1005.0,110.6,8.0,23.0,91.0,24.0,7.2,0.0,11.0,0.0,0.0,0.0,1.0,97.0
5400000.0,9.4,0.0,2.0,2657.72,50.0,-4.4,1016.0,120.1,-9.0,14.0,108.0,25.0,4.5,0.0,9.0,0.0,0.0,0.0,2.0,63.0
750000.0,8.4,2.0,0.0,2232.96,52.3,-2.2,994.0,99.6,-13.0,6.0,18.1,16.0,0.0,0.0,2.0,0.0,0.0,0.0,0.0,6.0
575000.0,11.0,1.0,1.0,943.99,48.8,-0.9,997.0,117.0,-1.0,5.0,15.0,8.0,0.5,0.0,3.0,0.0,0.0,0.0,2.0,10.0
925000.0,2.9,0.0,0.0,248.7,20.0,0.1,917.0,121.5,-3.0,0.0,2.2,2.0,-0.1,0.0,0.0,0.0,0.0,0.0,1.0,1.0
925000.0,7.3,0.0,1.0,697.65,52.9,1.7,996.0,117.2,1.0,1.0,6.5,0.0,0.4,0.0,1.0,0.0,0.0,0.0,1.0,5.0
3000000.0,8.8,0.0,2.0,3090.72,46.4,-5.5,1000.0,108.5,3.0,16.0,53.6,35.0,1.5,0.0,13.0,0.0,0.0,0.0,4.0,18.0
650000.0,4.7,0.0,0.0,448.78,37.5,-0.5,971.0,98.6,-3.0,2.0,5.6,0.0,0.1,0.0,0.0,0.0,0.0,0.0,0.0,5.0
575000.0,5.3,0.0,0.0,2908.9,36.0,1.3,981.0,110.1,-4.0,6.0,36.5,25.0,0.6,0.0,9.0,0.0,0.0,0.0,0.0,3.0
725000.0,5.8,0.0,0.0,3405.46,29.0,-3.3,966.0,104.4,-5.0,8.0,46.1,14.0,1.0,0.0,11.0,0.0,0.0,0.0,1.0,1.0
3000000.0,7.5,0.0,1.0,2932.08,48.6,6.4,996.0,108.7,4.0,17.0,81.4,38.0,4.1,0.0,10.0,0.0,0.0,0.0,3.0,47.0
950000.0,6.7,0.0,0.0,2511.34,39.1,-2.9,972.0,109.7,-12.0,18.0,54.8,9.0,1.9,0.0,15.0,0.0,0.0,0.0,1.0,30.0
3000000.0,7.2,0.0,0.0,2843.38,43.2,4.4,978.0,111.3,4.0,17.0,60.8,10.0,3.7,0.0,12.0,0.0,0.0,0.0,0.0,23.0
1250000.0,4.0,0.0,0.0,2769.89,28.9,-2.4,960.0,104.1,-7.0,14.0,24.7,8.0,0.5,0.0,7.0,0.0,0.0,0.0,1.0,4.0
575000.0,8.7,0.0,0.0,924.83,40.6,-5.2,1000.0,105.7,-4.0,3.0,16.9,3.0,0.5,0.0,1.0,1.0,0.0,0.0,1.0,6.0
600000.0,16.1,0.0,0.0,345.54,50.0,-0.5,1030.0,102.9,0.0,2.0,3.4,3.0,0.1,0.0,2.0,0.0,0.0,0.0,0.0,0.0
4000000.0,8.2,1.0,2.0,3163.36,60.8,4.2,1002.0,111.5,2.0,28.0,48.4,40.0,1.9,0.0,15.0,0.0,0.0,0.0,3.0,14.0
575000.0,6.7,0.0,0.0,1803.18,48.8,4.2,973.0,116.3,-5.0,7.0,18.7,15.0,0.6,0.0,11.0,0.0,0.0,0.0,1.0,2.0
625000.0,0.0,0.0,0.0,159.57,0.0,-0.7,826.0,85.3,-3.0,2.0,1.6,0.0,-0.1,0.0,1.0,0.0,0.0,0.0,0.0,0.0
735000.0,4.6,1.0,0.0,2452.36,30.0,1.1,949.0,105.3,-12.0,4.0,38.2,28.0,0.7,0.0,7.0,0.0,0.0,0.0,0.0,6.0
575000.0,5.9,0.0,0.0,173.59,100.0,-0.6,1059.0,94.9,1.0,1.0,1.4,2.0,0.1,0.0,2.0,0.0,0.0,0.0,1.0,1.0
640000.0,4.4,0.0,0.0,2770.14,26.3,-10.1,963.0,104.9,-14.0,11.0,26.9,25.0,0.3,0.0,3.0,0.0,0.0,0.0,2.0,4.0
800000.0,7.9,0.0,0.0,2081.34,44.6,-1.1,984.0,116.2,-9.0,9.0,28.2,23.0,0.2,0.0,12.0,0.0,0.0,0.0,2.0,5.0
925000.0,9.3,0.0,0.0,898.66,52.2,1.0,1016.0,100.3,0.0,2.0,9.95,6.0,0.4,0.0,4.0,0.0,0.0,0.0,5.0,1.0
4000000.0,6.7,0.0,0.0,2882.13,46.5,-1.2,977.0,111.4,-15.0,17.0,51.1,27.0,1.0,1.0,10.0,0.0,0.0,0.0,1.0,13.0
5750000.0,9.0,1.0,0.0,3361.63,64.8,12.6,1025.0,107.0,23.0,4.0,53.3,43.0,2.4,0.0,10.0,0.0,0.0,0.0,6.0,8.0
892500.0,7.6,0.0,0.0,1141.29,60.0,0.5,1035.0,96.4,3.0,3.0,9.3,10.0,0.5,0.0,2.0,0.0,0.0,0.0,0.0,0.0
7250000.0,9.6,0.0,1.0,1381.44,54.0,8.9,999.0,116.0,2.0,16.0,52.5,30.0,1.5,0.0,8.0,0.0,0.0,0.0,1.0,30.0
3500000.0,8.5,0.0,1.0,1854.42,55.2,-0.2,1004.0,119.1,-5.0,7.0,28.0,10.0,0.6,0.0,0.0,0.0,0.0,0.0,1.0,10.0
575000.0,7.7,0.0,0.0,279.53,41.7,-1.0,971.0,129.2,-3.0,3.0,7.4,2.0,-0.1,0.0,0.0,0.0,0.0,0.0,0.0,5.0
10900000.0,11.4,1.0,2.0,2880.93,67.0,18.4,1031.0,125.4,17.0,12.0,65.9,39.0,1.7,1.0,19.0,0.0,0.0,0.0,4.0,23.0
667500.0,0.0,0.0,0.0,135.24,0.0,0.3,1000.0,94.9,0.0,0.0,0.8,1.0,0.0,0.0,0.0,0.0,0.0,0.0,0.0,1.0
832500.0,7.8,0.0,0.0,1666.12,44.6,-1.7,995.0,112.2,0.0,9.0,39.5,11.0,1.5,0.0,1.0,0.0,0.0,0.0,0.0,17.0
8000000.0,11.0,3.0,1.0,3229.59,63.8,4.1,1024.0,111.2,-1.0,6.0,52.8,29.0,1.7,0.0,17.0,0.0,0.0,0.0,9.0,11.0
692500.0,10.4,0.0,0.0,426.56,57.1,0.4,1000.0,106.7,0.0,0.0,5.8,8.0,0.2,0.0,1.0,0.0,0.0,0.0,0.0,0.0
3500000.0,10.2,0.0,3.0,3383.28,59.6,17.7,1018.0,114.9,17.0,17.0,56.9,51.0,2.0,0.0,15.0,0.0,0.0,0.0,1.0,15.0
900000.0,8.8,0.0,2.0,2993.79,52.1,-1.4,1010.0,108.9,-1.0,5.0,36.1,36.0,1.0,0.0,10.0,0.0,0.0,0.0,0.0,9.0
575000.0,0.0,0.0,0.0,125.01,0.0,-0.3,1000.0,126.3,0.0,1.0,1.3,0.0,0.0,0.0,1.0,1.0,0.0,0.0,0.0,0.0
600000.0,3.5,1.0,0.0,1457.01,40.0,0.5,973.0,105.0,-2.0,14.0,15.7,5.0,0.5,0.0,8.0,1.0,0.0,0.0,1.0,2.0
705000.0,8.0,0.0,0.0,122.57,66.7,0.1,1037.0,89.4,0.0,2.0,2.2,1.0,0.1,0.0,0.0,0.0,0.0,0.0,0.0,2.0
900000.0,0.0,0.0,0.0,44.24,0.0,0.4,1000.0,85.5,0.0,0.0,0.0,0.0,0.0,0.0,0.0,0.0,0.0,0.0,0.0,0.0
8000000.0,11.0,1.0,0.0,2898.12,56.6,0.4,1029.0,114.9,9.0,13.0,49.9,43.0,1.4,0.0,16.0,0.0,0.0,0.0,5.0,6.0
4000000.0,8.5,0.0,1.0,2434.38,45.8,-13.1,1010.0,110.7,0.0,16.0,63.9,5.0,2.9,0.0,5.0,0.0,0.0,0.0,0.0,46.0
575000.0,0.0,0.0,0.0,80.15,0.0,-0.3,923.0,93.5,-1.0,0.0,0.9,0.0,0.0,0.0,0.0,0.0,0.0,0.0,0.0,0.0
1850000.0,8.5,0.0,1.0,2795.11,46.7,1.4,1006.0,108.9,7.0,11.0,39.8,17.0,1.4,0.0,16.0,0.0,0.0,1.0,0.0,6.0
2500000.0,7.6,0.0,0.0,2479.63,57.5,7.2,997.0,110.7,4.0,7.0,36.4,28.0,2.8,0.0,5.0,0.0,0.0,0.0,0.0,30.0
740000.0,10.9,0.0,0.0,597.35,66.7,-1.4,1069.0,104.0,1.0,3.0,4.9,1.0,0.2,0.0,0.0,0.0,0.0,0.0,0.0,2.0
800000.0,2.8,0.0,0.0,1787.52,14.3,-4.0,930.0,96.3,-14.0,5.0,26.5,7.0,0.3,0.0,4.0,0.0,0.0,0.0,0.0,1.0
667500.0,11.4,0.0,0.0,2664.2,62.9,1.3,1031.0,110.2,4.0,7.0,39.1,30.0,1.5,0.0,10.0,0.0,0.0,0.0,5.0,2.0
4000000.0,6.0,1.0,0.0,2862.92,43.5,-3.5,984.0,109.0,-5.0,17.0,44.9,39.0,0.8,0.0,8.0,0.0,0.0,0.0,0.0,6.0
700000.0,0.0,0.0,0.0,168.39,0.0,0.8,882.0,95.4,-2.0,0.0,1.4,0.0,0.0,0.0,0.0,0.0,0.0,0.0,0.0,0.0
7000000.0,9.5,3.0,4.0,2586.45,56.9,7.0,1013.0,116.5,10.0,14.0,87.4,59.0,5.7,0.0,16.0,0.0,0.0,0.0,5.0,81.0
5000000.0,9.4,1.0,2.0,2645.21,61.0,1.5,1030.0,116.7,3.0,14.0,70.4,15.0,3.8,0.0,14.0,0.0,0.0,0.0,1.0,55.0
9000000.0,10.9,1.0,1.0,3164.84,68.2,-5.1,1044.0,118.4,3.0,10.0,64.1,15.0,1.1,0.0,8.0,0.0,0.0,0.0,4.0,7.0
925000.0,15.4,0.0,0.0,128.58,100.0,-0.3,1154.0,119.6,1.0,0.0,1.1,0.0,0.1,0.0,0.0,0.0,0.0,0.0,0.0,0.0
4000000.0,8.5,1.0,1.0,3312.9,51.9,-2.8,991.0,113.9,-10.0,7.0,61.3,41.0,1.4,0.0,9.0,0.0,0.0,0.0,2.0,24.0
600000.0,10.4,0.0,2.0,1058.12,63.9,6.1,1011.0,102.4,4.0,2.0,12.6,8.0,0.5,0.0,6.0,0.0,0.0,0.0,2.0,5.0
725000.0,5.9,2.0,1.0,3483.12,29.6,-3.9,967.0,104.7,-1.0,5.0,51.2,24.0,1.3,0.0,8.0,0.0,0.0,0.0,0.0,8.0
925000.0,3.4,0.0,0.0,1061.61,27.8,0.9,938.0,104.9,-9.0,3.0,8.6,2.0,0.0,0.0,4.0,0.0,0.0,0.0,1.0,3.0
792500.0,7.1,0.0,2.0,1798.84,57.8,1.9,985.0,109.7,-3.0,7.0,18.1,9.0,0.6,0.0,7.0,0.0,0.0,0.0,3.0,13.0
832500.0,8.3,1.0,0.0,3308.4,39.7,0.2,972.0,115.9,-6.0,21.0,67.6,43.0,1.0,0.0,16.0,0.0,0.0,0.0,4.0,7.0
2950000.0,11.6,0.0,0.0,3458.03,55.2,-2.3,1028.0,118.2,6.0,12.0,70.9,45.0,1.6,0.0,10.0,0.0,0.0,0.0,1.0,9.0
4250000.0,12.0,2.0,8.0,2757.31,66.5,4.5,1032.0,111.5,13.0,14.0,45.3,54.0,2.2,0.0,18.0,0.0,0.0,0.0,11.0,61.0
875000.0,7.1,0.0,0.0,1607.84,56.5,-1.8,1023.0,103.3,2.0,5.0,14.74,14.0,0.5,0.0,6.0,0.0,0.0,0.0,0.0,1.0
625000.0,7.7,0.0,0.0,924.86,77.8,-0.4,1049.0,110.2,6.0,4.0,11.3,5.0,0.6,0.0,2.0,0.0,0.0,0.0,0.0,0.0
575000.0,5.6,0.0,0.0,85.66,50.0,-0.2,997.0,148.9,0.0,0.0,1.5,0.0,0.0,0.0,0.0,0.0,0.0,0.0,0.0,1.0
625000.0,5.2,0.0,1.0,415.27,40.0,-2.4,979.0,104.4,-2.0,3.0,6.4,2.0,0.1,0.0,4.0,0.0,0.0,0.0,0.0,4.0
4000000.0,6.8,1.0,1.0,2587.55,51.9,0.6,998.0,110.4,3.0,4.0,33.1,21.0,1.2,0.0,4.0,0.0,0.0,0.0,0.0,6.0
2500000.0,10.2,0.0,0.0,3458.78,51.2,-7.7,1008.0,112.3,-6.0,17.0,55.5,43.0,0.9,0.0,20.0,0.0,0.0,0.0,2.0,8.0
675000.0,5.7,0.0,0.0,3130.73,28.8,-3.0,970.0,104.8,-10.0,13.0,52.7,19.0,0.8,0.0,8.0,0.0,0.0,0.0,1.0,3.0
900000.0,6.1,0.0,0.0,1541.11,38.8,2.5,972.0,114.9,-4.0,7.0,29.7,10.0,0.8,0.0,4.0,0.0,0.0,0.0,0.0,11.0
1050000.0,10.1,0.0,1.0,1020.35,45.0,-0.4,1001.0,97.7,2.0,3.0,11.6,8.0,0.3,0.0,0.0,0.0,0.0,0.0,0.0,1.0
1100000.0,9.3,0.0,2.0,3246.34,60.7,1.0,996.0,113.9,-8.0,7.0,34.3,36.0,1.1,0.0,4.0,0.0,0.0,0.0,1.0,13.0
925000.0,3.1,0.0,0.0,404.88,100.0,-0.8,1031.0,97.1,1.0,1.0,4.6,4.0,0.2,0.0,0.0,0.0,0.0,0.0,0.0,0.0
650000.0,0.0,0.0,0.0,299.88,0.0,-1.1,906.0,143.2,-3.0,0.0,2.5,2.0,-0.1,0.0,0.0,0.0,0.0,0.0,0.0,0.0
3850000.0,5.7,0.0,0.0,2467.35,34.6,1.2,953.0,116.5,-7.0,12.0,51.5,24.0,0.7,0.0,12.0,1.0,0.0,0.0,2.0,3.0
9000000.0,9.1,0.0,2.0,2897.33,54.6,10.3,1001.0,121.8,-3.0,15.0,47.4,33.0,0.9,0.0,16.0,0.0,0.0,0.0,6.0,10.0
925000.0,9.3,0.0,0.0,355.66,57.1,0.8,998.0,102.8,0.0,0.0,5.8,1.0,0.2,0.0,0.0,0.0,0.0,0.0,0.0,3.0
700000.0,0.0,0.0,0.0,274.84,0.0,-0.7,917.0,105.2,-3.0,1.0,2.8,3.0,-0.1,0.0,1.0,0.0,0.0,0.0,0.0,0.0
742500.0,9.8,0.0,0.0,437.26,44.4,1.7,973.0,96.7,0.0,3.0,4.0,0.0,0.1,0.0,1.0,0.0,0.0,0.0,0.0,0.0
925000.0,7.7,0.0,0.0,1540.91,65.2,0.2,1028.0,101.6,0.0,5.0,12.0,18.0,0.4,0.0,7.0,0.0,0.0,0.0,0.0,4.0
4250000.0,9.5,1.0,1.0,2985.52,57.1,4.2,1006.0,107.5,0.0,9.0,47.8,32.0,1.7,0.0,15.0,0.0,0.0,0.0,2.0,5.0
667500.0,12.5,0.0,0.0,80.07,33.3,-0.4,992.0,110.4,-1.0,0.0,1.5,1.0,0.0,0.0,0.0,0.0,0.0,0.0,0.0,0.0
8000000.0,8.4,0.0,2.0,2968.55,55.1,10.0,981.0,114.1,2.0,22.0,40.7,28.0,1.7,0.0,17.0,0.0,0.0,0.0,1.0,10.0
635000.0,0.0,0.0,0.0,123.93,0.0,-1.1,1000.0,93.8,0.0,0.0,1.5,1.0,0.0,0.0,1.0,0.0,0.0,0.0,0.0,0.0
3650000.0,6.2,0.0,0.0,2106.88,51.1,-3.3,993.0,110.5,-10.0,6.0,26.6,19.0,0.4,0.0,2.0,0.0,0.0,0.0,3.0,10.0
3750000.0,8.5,1.0,0.0,2697.04,50.5,9.8,985.0,109.1,12.0,14.0,49.6,46.0,2.0,0.0,10.0,0.0,0.0,0.0,2.0,6.0
6075000.0,7.3,1.0,0.0,2291.81,55.6,9.4,992.0,112.7,-4.0,9.0,29.5,7.0,1.1,0.0,5.0,0.0,0.0,0.0,3.0,11.0
950000.0,7.5,0.0,0.0,978.23,41.7,-3.9,999.0,117.5,-1.0,7.0,16.8,4.0,0.6,0.0,2.0,0.0,0.0,0.0,0.0,5.0
925000.0,6.6,0.0,0.0,1072.21,52.6,0.5,986.0,103.9,-3.0,3.0,10.7,5.0,0.3,0.0,5.0,0.0,0.0,0.0,1.0,3.0
2750000.0,8.0,0.0,0.0,3021.19,39.1,-11.7,997.0,105.7,2.0,15.0,79.1,19.0,3.6,0.0,14.0,1.0,0.0,0.0,3.0,27.0
5000000.0,8.1,0.0,3.0,3011.49,47.7,1.2,999.0,121.5,10.0,10.0,83.5,36.0,4.5,0.0,2.0,0.0,0.0,0.0,1.0,23.0
5000000.0,10.9,1.0,1.0,2356.87,52.5,4.0,993.0,113.5,-7.0,9.0,44.8,31.0,0.6,0.0,7.0,0.0,0.0,0.0,1.0,13.0
11000000.0,8.9,1.0,7.0,2338.29,50.3,10.4,986.0,110.1,-8.0,16.0,64.9,30.0,2.4,0.0,15.0,0.0,0.0,0.0,1.0,83.0
600000.0,9.4,0.0,0.0,2135.7,62.1,-4.3,1055.0,105.2,7.0,5.0,19.1,16.0,0.7,0.0,3.0,0.0,0.0,0.0,1.0,2.0
6000000.0,7.6,0.0,0.0,1736.01,38.0,-1.2,959.0,113.2,-6.0,2.0,49.3,18.0,2.1,0.0,6.0,0.0,0.0,0.0,0.0,30.0
950000.0,5.6,0.0,0.0,752.24,40.0,0.0,946.0,104.3,-3.0,1.0,8.1,11.0,0.1,0.0,0.0,0.0,0.0,0.0,0.0,0.0
775000.0,20.0,0.0,0.0,106.05,50.0,-0.7,1109.0,84.1,1.0,1.0,1.1,0.0,0.1,0.0,0.0,0.0,0.0,0.0,0.0,0.0
1700000.0,9.9,0.0,0.0,2692.52,51.5,-4.0,1004.0,106.7,-6.0,3.0,45.2,39.0,1.2,0.0,9.0,0.0,0.0,0.0,0.0,2.0
1025000.0,4.2,0.0,1.0,2388.31,23.1,-4.8,950.0,106.0,-12.0,9.0,29.6,12.0,0.2,0.0,1.0,0.0,0.0,0.0,0.0,2.0
925000.0,7.2,0.0,0.0,3005.4,54.9,9.4,1004.0,112.5,4.0,21.0,37.0,16.0,1.3,1.0,13.0,0.0,1.0,0.0,2.0,4.0
5400000.0,12.6,1.0,4.0,3267.02,60.8,14.8,1043.0,111.5,27.0,17.0,57.7,39.0,2.4,0.0,6.0,0.0,0.0,0.0,4.0,19.0
7875000.0,9.5,1.0,1.0,3184.26,55.2,12.5,1010.0,118.2,8.0,29.0,90.5,22.0,2.4,1.0,15.0,0.0,0.0,0.0,5.0,10.0
842500.0,6.0,0.0,0.0,2143.25,47.5,2.7,973.0,103.9,-10.0,6.0,19.4,19.0,0.4,0.0,11.0,0.0,0.0,0.0,1.0,5.0
2000000.0,6.9,0.0,0.0,1342.18,48.3,-3.6,991.0,119.4,-3.0,2.0,16.1,12.0,0.2,0.0,3.0,0.0,0.0,0.0,1.0,0.0
2570000.0,10.0,0.0,5.0,3010.37,64.4,6.5,1030.0,108.0,30.0,23.0,61.6,34.0,5.4,0.0,11.0,0.0,0.0,0.0,1.0,52.0
575000.0,0.0,0.0,0.0,383.47,0.0,-1.8,971.0,94.6,-1.0,2.0,2.3,2.0,0.0,0.0,4.0,0.0,0.0,0.0,0.0,0.0
1300000.0,6.9,0.0,0.0,3189.37,39.5,-9.8,974.0,103.9,-14.0,9.0,44.8,35.0,0.9,0.0,2.0,0.0,0.0,0.0,1.0,11.0
4000000.0,9.0,1.0,5.0,3077.62,56.7,-4.5,1014.0,117.2,-3.0,16.0,62.8,25.0,1.7,1.0,12.0,0.0,0.0,0.0,7.0,44.0
925000.0,10.5,1.0,1.0,2921.44,65.3,10.7,1028.0,110.8,17.0,7.0,69.0,27.0,4.5,0.0,4.0,0.0,0.0,0.0,1.0,36.0
600000.0,0.0,0.0,0.0,44.95,0.0,-0.2,833.0,117.3,-1.0,0.0,1.0,0.0,0.0,0.0,0.0,0.0,0.0,0.0,0.0,0.0
10000000.0,8.9,1.0,3.0,3161.36,54.9,-0.8,983.0,120.7,-24.0,13.0,56.7,24.0,1.0,0.0,23.0,1.0,0.0,1.0,4.0,61.0
925000.0,10.0,0.0,0.0,68.02,33.3,0.3,792.0,108.6,-2.0,0.0,0.8,0.0,-0.1,0.0,0.0,0.0,0.0,0.0,0.0,0.0
3000000.0,8.0,0.0,0.0,3476.82,38.5,-0.9,982.0,99.4,3.0,20.0,44.3,30.0,1.4,0.0,8.0,0.0,0.0,0.0,1.0,6.0
832500.0,3.2,1.0,0.0,279.94,20.0,-0.7,918.0,102.9,-3.0,1.0,3.1,2.0,0.0,0.0,1.0,0.0,0.0,0.0,0.0,0.0
925000.0,0.0,0.0,0.0,214.17,0.0,-1.3,938.0,109.9,-2.0,0.0,3.2,0.0,0.0,0.0,2.0,0.0,0.0,0.0,1.0,0.0
900000.0,5.3,0.0,0.0,3389.32,35.7,4.9,965.0,102.9,-1.0,7.0,43.9,48.0,1.4,1.0,10.0,0.0,0.0,0.0,3.0,2.0
750000.0,10.2,0.0,2.0,2198.12,56.4,6.3,1024.0,109.6,17.0,7.0,43.1,22.0,3.3,0.0,2.0,0.0,0.0,0.0,0.0,38.0
832500.0,9.3,0.0,0.0,2552.27,65.7,0.0,1030.0,115.1,13.0,7.0,33.4,33.0,1.4,0.0,5.0,0.0,0.0,0.0,3.0,5.0
925000.0,4.4,0.0,0.0,195.06,33.3,-0.4,961.0,103.2,-1.0,0.0,4.5,2.0,0.1,0.0,0.0,0.0,0.0,0.0,0.0,0.0
1250000.0,7.1,0.0,0.0,2363.88,43.5,-5.6,1012.0,94.5,-3.0,15.0,17.0,4.0,0.4,0.0,12.0,1.0,0.0,0.0,0.0,1.0
625000.0,0.0,0.0,0.0,137.14,0.0,1.0,889.0,97.7,-2.0,0.0,1.5,1.0,-0.1,0.0,0.0,0.0,0.0,0.0,0.0,1.0
900000.0,4.3,0.0,0.0,3452.39,24.6,-3.5,958.0,107.5,-17.0,9.0,47.6,18.0,0.5,0.0,6.0,0.0,0.0,0.0,1.0,9.0
5000000.0,9.6,0.0,0.0,2745.66,55.8,4.6,1014.0,116.9,20.0,16.0,84.4,45.0,4.8,0.0,17.0,0.0,0.0,0.0,0.0,43.0
4500000.0,10.9,0.0,2.0,3252.2,61.5,-6.0,1036.0,107.0,2.0,13.0,55.5,29.0,2.1,0.0,23.0,0.0,0.0,0.0,5.0,33.0
2900000.0,9.9,0.0,0.0,3146.0,51.0,9.2,1010.0,113.1,15.0,13.0,75.5,24.0,4.0,0.0,8.0,0.0,0.0,0.0,1.0,35.0
575000.0,6.2,0.0,0.0,854.57,33.3,-5.0,989.0,113.5,-4.0,6.0,9.4,4.0,0.1,0.0,2.0,0.0,0.0,0.0,0.0,0.0
640000.0,0.0,0.0,0.0,449.87,0.0,-0.6,976.0,99.1,-1.0,0.0,2.8,2.0,0.0,0.0,0.0,0.0,0.0,0.0,0.0,0.0
5000000.0,9.2,0.0,3.0,2561.32,48.8,11.4,1000.0,112.3,18.0,22.0,78.8,35.0,5.7,0.0,11.0,0.0,0.0,0.0,1.0,47.0
5000000.0,9.4,0.0,2.0,3266.1,63.2,6.6,1022.0,105.5,14.0,19.0,35.2,17.0,1.5,0.0,7.0,0.0,0.0,0.0,0.0,17.0
575000.0,8.8,0.0,0.0,438.57,44.4,0.8,955.0,99.0,-5.0,4.0,6.2,3.0,0.1,0.0,3.0,0.0,0.0,0.0,0.0,6.0
3100000.0,7.2,0.0,2.0,3298.32,51.6,10.6,1001.0,113.9,11.0,13.0,65.1,19.0,1.9,0.0,14.0,0.0,0.0,0.0,3.0,20.0
8000000.0,10.4,0.0,1.0,3216.03,63.7,0.9,1021.0,114.9,-3.0,10.0,58.0,26.0,1.4,0.0,8.0,0.0,0.0,0.0,3.0,12.0
6000000.0,10.2,2.0,1.0,3030.5,61.5,2.3,1023.0,120.8,11.0,5.0,54.3,38.0,2.1,0.0,9.0,0.0,0.0,0.0,2.0,23.0
925000.0,9.4,0.0,4.0,3267.64,58.7,5.1,1005.0,108.8,-1.0,13.0,50.4,40.0,1.8,0.0,20.0,0.0,0.0,0.0,2.0,17.0
3500000.0,11.6,0.0,1.0,3285.59,67.5,14.3,1031.0,105.9,17.0,19.0,33.7,32.0,1.8,0.0,17.0,1.0,0.0,0.0,2.0,9.0
575000.0,3.2,1.0,0.0,748.67,33.3,0.7,958.0,106.9,-3.0,1.0,6.3,6.0,0.1,0.0,1.0,0.0,0.0,0.0,0.0,3.0
6000000.0,7.9,0.0,1.0,2825.59,46.3,0.4,991.0,116.3,-17.0,32.0,65.1,34.0,1.0,1.0,14.0,0.0,0.0,0.0,5.0,12.0
3000000.0,8.3,0.0,1.0,2465.56,56.4,17.8,1009.0,109.6,13.0,18.0,65.7,18.0,4.5,0.0,10.0,0.0,0.0,0.0,4.0,33.0
725000.0,8.2,0.0,3.0,1832.75,53.3,-3.4,1004.0,106.5,0.0,12.0,30.3,6.0,1.8,0.0,8.0,0.0,0.0,0.0,1.0,20.0
667500.0,4.8,0.0,0.0,277.97,33.3,-0.5,979.0,87.5,-1.0,0.0,2.3,1.0,0.0,0.0,1.0,0.0,0.0,0.0,0.0,1.0
4250000.0,10.2,0.0,1.0,2705.32,59.4,18.6,1027.0,111.5,33.0,10.0,69.2,23.0,5.9,0.0,9.0,0.0,0.0,0.0,5.0,47.0
600000.0,9.5,0.0,0.0,2583.16,56.3,3.2,1020.0,105.3,10.0,10.0,28.3,15.0,1.0,0.0,12.0,0.0,0.0,1.0,2.0,2.0
925000.0,8.2,0.0,0.0,2593.97,60.0,-2.6,1017.0,108.0,3.0,8.0,29.8,22.0,1.0,0.0,14.0,0.0,0.0,0.0,2.0,3.0
800000.0,4.4,0.0,0.0,2318.94,30.0,-6.6,978.0,102.8,-8.0,15.0,29.6,11.0,0.4,0.0,13.0,0.0,0.0,0.0,0.0,1.0
10000000.0,11.3,1.0,7.0,3150.92,65.0,1.5,1025.0,122.1,6.0,25.0,60.4,29.0,1.7,0.0,19.0,0.0,0.0,0.0,12.0,73.0
700000.0,6.1,0.0,0.0,483.21,22.2,-1.2,902.0,99.0,-6.0,0.0,3.8,3.0,-0.1,0.0,1.0,0.0,0.0,0.0,0.0,1.0
5000000.0,9.3,0.0,1.0,2054.34,44.4,-3.3,996.0,108.4,-6.0,8.0,38.6,17.0,0.7,0.0,17.0,0.0,0.0,0.0,0.0,18.0
840000.0,5.4,0.0,0.0,2418.97,45.7,2.0,975.0,115.1,-6.0,13.0,26.9,15.0,0.7,0.0,20.0,0.0,0.0,0.0,1.0,10.0
600000.0,15.6,0.0,1.0,456.5,57.1,-1.5,1057.0,106.9,-1.0,1.0,8.1,4.0,0.3,0.0,0.0,0.0,0.0,0.0,0.0,9.0
925000.0,8.2,1.0,4.0,2845.89,58.4,4.9,992.0,121.5,-21.0,16.0,56.0,18.0,2.0,0.0,14.0,0.0,0.0,0.0,5.0,79.0
660000.0,9.2,1.0,0.0,2410.24,48.6,-1.4,1021.0,100.3,3.0,4.0,26.4,10.0,0.8,0.0,2.0,0.0,0.0,0.0,2.0,16.0
2075000.0,6.4,1.0,0.0,3362.04,36.0,-6.2,966.0,103.4,-29.0,6.0,47.6,20.0,0.2,0.0,3.0,0.0,0.0,0.0,0.0,10.0
7000000.0,10.9,0.0,0.0,2643.74,57.5,1.2,1018.0,106.3,4.0,18.0,46.8,24.0,1.7,0.0,3.0,0.0,0.0,0.0,4.0,1.0
5800000.0,10.3,1.0,2.0,3165.35,55.3,16.1,993.0,114.6,6.0,21.0,62.8,39.0,1.7,0.0,16.0,0.0,0.0,0.0,3.0,38.0
1150000.0,5.4,0.0,0.0,3160.02,31.9,-0.5,971.0,105.6,-7.0,8.0,48.8,17.0,1.0,0.0,16.0,0.0,0.0,0.0,2.0,10.0
925000.0,7.0,2.0,3.0,3223.52,41.4,-2.9,960.0,106.3,-28.0,16.0,50.7,49.0,0.5,0.0,19.0,0.0,0.0,0.0,1.0,14.0
925000.0,8.8,0.0,0.0,879.34,48.5,0.7,962.0,106.8,-5.0,2.0,11.8,3.0,0.6,0.0,2.0,0.0,0.0,0.0,0.0,5.0
5500000.0,8.0,0.0,1.0,2270.49,49.5,2.8,994.0,107.2,-7.0,16.0,46.1,6.0,2.1,0.0,3.0,0.0,0.0,0.0,0.0,28.0
2800000.0,7.3,0.0,0.0,2022.2,44.4,6.4,963.0,118.2,-8.0,7.0,33.6,30.0,0.7,0.0,4.0,0.0,0.0,0.0,2.0,12.0
4350000.0,9.6,0.0,0.0,2276.62,61.3,-2.3,1035.0,105.7,6.0,12.0,30.6,13.0,1.1,2.0,6.0,0.0,0.0,0.0,0.0,6.0
925000.0,6.7,0.0,0.0,110.04,50.0,-0.4,1011.0,86.7,0.0,0.0,1.2,0.0,0.1,0.0,0.0,0.0,0.0,0.0,0.0,0.0
3275000.0,8.0,0.0,1.0,3230.22,47.8,-2.0,996.0,114.3,-2.0,15.0,61.1,34.0,1.5,0.0,8.0,0.0,0.0,0.0,4.0,13.0
1200000.0,8.6,0.0,0.0,3258.03,55.3,-10.6,1040.0,104.4,3.0,12.0,30.2,15.0,0.8,0.0,12.0,0.0,0.0,0.0,0.0,3.0
1300000.0,6.4,1.0,2.0,3521.78,35.6,-10.6,988.0,103.9,-7.0,15.0,57.5,34.0,1.1,0.0,17.0,1.0,0.0,0.0,2.0,24.0
1300000.0,8.2,0.0,0.0,1558.33,48.1,-2.2,1013.0,111.6,7.0,6.0,33.2,5.0,2.2,0.0,3.0,0.0,0.0,0.0,0.0,13.0
650000.0,6.6,0.0,1.0,2555.96,39.5,-9.4,963.0,108.7,-19.0,18.0,33.0,24.0,0.5,0.0,9.0,1.0,0.0,0.0,2.0,9.0
5000000.0,12.6,0.0,3.0,2947.62,58.5,8.8,1020.0,113.5,18.0,19.0,63.9,66.0,2.2,0.0,28.0,0.0,0.0,0.0,7.0,10.0
692500.0,2.0,0.0,0.0,947.34,10.0,-4.0,900.0,93.3,-7.0,11.0,13.2,12.0,0.1,0.0,5.0,0.0,0.0,0.0,0.0,1.0
832500.0,17.6,0.0,1.0,129.81,75.0,-0.1,1121.0,111.3,2.0,0.0,1.5,2.0,0.3,0.0,3.0,0.0,0.0,0.0,0.0,1.0
775000.0,11.2,0.0,1.0,697.62,65.0,-0.6,1064.0,112.2,8.0,3.0,12.2,3.0,1.1,0.0,0.0,0.0,0.0,0.0,0.0,7.0
4250000.0,11.8,2.0,4.0,2789.47,60.0,-3.4,1031.0,109.2,3.0,21.0,73.3,39.0,4.7,0.0,16.0,0.0,0.0,0.0,1.0,72.0
925000.0,6.8,0.0,0.0,1435.14,39.5,0.1,983.0,100.4,-6.0,7.0,23.5,1.0,1.1,0.0,1.0,0.0,0.0,0.0,1.0,14.0
925000.0,40.0,0.0,0.0,37.14,66.7,-0.1,1257.0,134.8,1.0,0.0,0.7,0.0,0.1,0.0,0.0,0.0,0.0,0.0,0.0,0.0
1000000.0,4.5,0.0,1.0,452.44,40.0,-1.3,994.0,101.1,0.0,1.0,4.8,2.0,0.1,0.0,3.0,0.0,0.0,0.0,0.0,2.0
692500.0,7.815825688073394,0.0,0.0,2004.4948797250859,0.0,0.6,993.5711009174312,108.9438717067583,0.0,0.0,35.8515578465063,18.898052691867125,0.0,0.0,7.561282932416953,0.0,0.0,0.0,0.0,1.0
900000.0,6.1,1.0,3.0,2406.63,53.1,13.5,970.0,108.0,0.0,15.0,25.6,19.0,2.3,0.0,12.0,1.0,0.0,0.0,2.0,51.0
575000.0,9.6,0.0,0.0,551.41,64.7,3.0,1008.0,113.9,2.0,2.0,4.9,11.0,0.2,0.0,4.0,0.0,0.0,0.0,0.0,0.0
667500.0,11.6,1.0,0.0,1539.38,59.7,5.6,1023.0,122.3,7.0,5.0,31.4,16.0,0.7,0.0,8.0,0.0,0.0,0.0,2.0,1.0
4000000.0,7.7,0.0,1.0,3009.78,35.9,-0.2,968.0,102.1,-22.0,14.0,84.6,15.0,2.5,0.0,9.0,0.0,0.0,0.0,0.0,29.0
650000.0,4.2,0.0,0.0,358.92,33.3,-1.5,958.0,106.8,-2.0,0.0,5.2,4.0,0.0,0.0,3.0,0.0,0.0,0.0,0.0,1.0
1200000.0,7.9,0.0,0.0,1809.0,47.9,-1.9,998.0,105.5,-1.0,22.0,40.3,16.0,2.2,0.0,9.0,1.0,0.0,0.0,0.0,31.0
667500.0,6.5,1.0,0.0,1995.97,54.8,4.2,993.0,106.4,3.0,3.0,20.8,2.0,2.3,0.0,5.0,0.0,0.0,0.0,0.0,19.0
667500.0,8.3,0.0,0.0,108.32,66.7,0.1,1050.0,111.3,1.0,0.0,1.3,0.0,0.2,0.0,0.0,0.0,0.0,0.0,0.0,0.0
6000000.0,9.6,0.0,6.0,2774.72,55.4,-0.9,1017.0,112.4,22.0,8.0,97.2,32.0,5.5,0.0,1.0,0.0,0.0,0.0,0.0,141.0
925000.0,5.5,0.0,0.0,2161.83,53.5,6.6,991.0,112.6,1.0,9.0,24.1,39.0,0.8,0.0,7.0,0.0,0.0,0.0,0.0,4.0
600000.0,8.3,0.0,0.0,2806.11,51.9,-2.0,991.0,108.1,-8.0,10.0,38.2,32.0,1.0,0.0,9.0,0.0,0.0,0.0,1.0,1.0
800000.0,7.3,0.0,0.0,3395.14,43.0,-1.2,1000.0,111.0,9.0,8.0,60.4,35.0,1.9,0.0,14.0,0.0,0.0,0.0,2.0,6.0
4500000.0,8.2,0.0,0.0,2633.43,66.2,9.7,1021.0,117.0,7.0,14.0,36.6,33.0,1.4,1.0,15.0,0.0,0.0,0.0,3.0,10.0
925000.0,8.0,0.0,0.0,1393.18,39.3,-2.6,1002.0,107.6,2.0,6.0,21.0,13.0,0.4,0.0,5.0,0.0,0.0,0.0,0.0,0.0
900000.0,25.0,0.0,0.0,124.41,33.3,-1.3,1076.0,105.8,-3.0,0.0,2.9,1.0,-0.1,0.0,0.0,0.0,0.0,0.0,0.0,0.0
675000.0,7.9,0.0,0.0,1836.49,38.2,-5.6,971.0,110.2,-13.0,3.0,32.2,11.0,0.4,0.0,1.0,0.0,0.0,0.0,0.0,6.0
6000000.0,10.1,3.0,5.0,3068.69,55.1,4.9,997.0,116.8,-3.0,14.0,60.0,64.0,1.7,0.0,30.0,0.0,0.0,1.0,7.0,45.0
600000.0,3.2,0.0,0.0,266.72,100.0,1.1,1032.0,121.3,1.0,0.0,2.0,0.0,0.1,0.0,0.0,0.0,0.0,0.0,0.0,1.0
1000000.0,8.4,0.0,0.0,2895.21,47.1,-5.0,1009.0,117.3,5.0,5.0,45.8,12.0,1.0,0.0,2.0,0.0,0.0,0.0,1.0,5.0
4000000.0,7.5,0.0,2.0,2637.71,54.5,3.1,995.0,116.3,-12.0,14.0,54.0,16.0,1.8,0.0,5.0,0.0,0.0,0.0,1.0,47.0
792500.0,8.3,0.0,0.0,109.3,33.3,-0.8,966.0,135.0,-2.0,0.0,1.7,2.0,0.0,0.0,0.0,0.0,0.0,0.0,0.0,2.0
1700000.0,9.0,0.0,0.0,3455.71,49.0,6.1,1004.0,106.7,-1.0,10.0,52.0,23.0,1.3,0.0,14.0,0.0,0.0,0.0,2.0,10.0
600000.0,14.3,0.0,0.0,187.46,57.1,-0.5,1060.0,119.0,-1.0,0.0,3.9,0.0,0.0,0.0,0.0,0.0,0.0,0.0,0.0,1.0
4000000.0,9.9,1.0,4.0,2825.88,55.6,5.4,1018.0,114.4,7.0,10.0,94.4,30.0,5.2,0.0,6.0,0.0,0.0,0.0,4.0,67.0
3667000.0,7.9,0.0,1.0,2359.71,47.6,7.1,993.0,112.5,10.0,8.0,46.1,19.0,1.1,0.0,13.0,0.0,0.0,0.0,0.0,14.0
832500.0,10.3,3.0,4.0,2740.84,59.7,-1.5,1012.0,107.2,-13.0,8.0,40.9,45.0,1.0,0.0,10.0,0.0,0.0,0.0,7.0,33.0
3000000.0,10.8,0.0,7.0,3096.86,56.7,7.3,1014.0,112.9,7.0,3.0,86.2,29.0,4.3,0.0,3.0,0.0,0.0,0.0,4.0,85.0
5400000.0,8.6,1.0,3.0,2741.9,50.0,6.9,994.0,109.0,6.0,11.0,80.9,32.0,3.9,0.0,10.0,0.0,0.0,0.0,1.0,50.0
5000000.0,9.5,0.0,2.0,2988.29,61.0,7.3,999.0,113.4,6.0,24.0,41.6,17.0,1.4,0.0,18.0,0.0,0.0,0.0,3.0,9.0
1650000.0,6.8,0.0,0.0,1036.23,43.5,-6.1,993.0,106.0,-4.0,6.0,11.9,3.0,0.5,0.0,1.0,0.0,0.0,0.0,0.0,13.0
792500.0,10.0,1.0,1.0,2991.62,55.5,9.8,1014.0,106.9,23.0,10.0,70.9,54.0,6.2,0.0,12.0,0.0,0.0,0.0,1.0,33.0
925000.0,0.0,0.0,0.0,39.78,0.0,0.0,1000.0,78.7,0.0,0.0,0.4,0.0,0.0,0.0,0.0,0.0,0.0,0.0,0.0,0.0
3500000.0,9.0,0.0,0.0,1986.07,59.1,-2.5,1026.0,103.8,4.0,6.0,25.6,21.0,0.9,0.0,3.0,0.0,0.0,0.0,0.0,2.0
4000000.0,10.4,1.0,0.0,2832.86,61.0,5.4,1020.0,112.2,7.0,9.0,34.6,23.0,1.4,0.0,8.0,0.0,0.0,0.0,1.0,2.0
2600000.0,13.2,0.0,2.0,3198.58,52.2,-13.7,1033.0,108.1,10.0,9.0,64.0,54.0,1.6,0.0,10.0,0.0,0.0,0.0,2.0,12.0
3500000.0,8.8,0.0,0.0,2896.13,46.5,-4.4,977.0,113.0,-17.0,24.0,58.6,31.0,0.7,1.0,22.0,0.0,0.0,0.0,2.0,5.0
925000.0,7.1,0.0,1.0,1464.97,49.1,-7.6,997.0,119.4,-13.0,6.0,34.2,4.0,0.4,0.0,4.0,2.0,0.0,0.0,0.0,10.0
575000.0,0.0,0.0,0.0,127.41,0.0,-0.3,818.0,88.2,-2.0,1.0,0.8,2.0,0.0,0.0,0.0,0.0,0.0,0.0,0.0,0.0
620000.0,9.8,0.0,0.0,2297.77,50.6,2.2,1007.0,117.0,4.0,4.0,39.3,18.0,0.7,0.0,13.0,0.0,0.0,1.0,0.0,9.0
2500000.0,7.3,0.0,0.0,2163.88,45.5,10.2,977.0,103.7,1.0,14.0,39.4,7.0,2.5,0.0,9.0,0.0,0.0,0.0,1.0,14.0
3800000.0,11.6,2.0,7.0,2891.54,69.8,-1.2,1046.0,113.0,17.0,18.0,45.9,45.0,2.2,0.0,7.0,1.0,0.0,0.0,7.0,53.0
792500.0,6.1,0.0,2.0,958.64,56.5,0.1,1005.0,101.7,1.0,1.0,14.2,7.0,1.1,0.0,0.0,0.0,0.0,0.0,0.0,19.0
575000.0,6.7,0.0,0.0,123.67,100.0,0.1,1067.0,107.2,0.0,3.0,1.4,0.0,0.0,0.0,2.0,0.0,0.0,0.0,0.0,0.0
575000.0,9.6,0.0,0.0,2448.93,57.1,-2.5,1042.0,102.9,11.0,5.0,30.0,12.0,1.1,0.0,6.0,0.0,0.0,0.0,0.0,4.0
742500.0,9.5,0.0,0.0,1249.39,64.0,2.4,1038.0,104.2,5.0,1.0,10.8,9.0,0.6,0.0,5.0,0.0,0.0,0.0,1.0,0.0
5750000.0,10.1,6.0,1.0,3104.14,51.5,-6.5,987.0,120.1,-9.0,22.0,77.0,55.0,1.1,1.0,21.0,0.0,0.0,0.0,5.0,12.0
800000.0,0.0,0.0,0.0,92.74,0.0,-0.7,933.0,107.2,-1.0,1.0,1.1,0.0,0.0,0.0,0.0,0.0,0.0,0.0,0.0,0.0
675000.0,4.7,0.0,0.0,363.54,20.0,-3.5,915.0,93.8,-5.0,2.0,5.6,4.0,0.0,0.0,1.0,0.0,0.0,0.0,0.0,0.0
4050000.0,10.7,1.0,3.0,2997.16,66.7,7.8,1041.0,119.0,24.0,17.0,72.4,44.0,5.1,0.0,7.0,0.0,0.0,0.0,1.0,57.0
742500.0,6.8,0.0,0.0,2436.61,52.9,-1.1,1014.0,107.5,1.0,8.0,25.4,20.0,0.6,0.0,6.0,0.0,0.0,0.0,2.0,1.0
575000.0,16.7,0.0,0.0,40.25,33.3,0.5,833.0,83.3,-1.0,0.0,0.7,0.0,0.0,0.0,0.0,0.0,0.0,0.0,0.0,1.0
2600000.0,5.8,0.0,2.0,3057.83,33.3,0.6,952.0,105.8,-11.0,11.0,32.1,13.0,0.5,0.0,10.0,0.0,0.0,0.0,0.0,4.0
800000.0,3.3,0.0,0.0,661.03,33.3,-0.5,969.0,108.4,-4.0,4.0,8.8,1.0,0.3,0.0,2.0,0.0,0.0,0.0,1.0,6.0
832500.0,7.0,0.0,0.0,1106.85,41.4,-1.1,981.0,105.2,-4.0,4.0,14.9,1.0,0.5,0.0,4.0,0.0,0.0,0.0,0.0,5.0
925000.0,7.4,0.0,0.0,1042.06,66.7,2.3,1029.0,103.6,5.0,5.0,11.0,12.0,0.6,0.0,2.0,0.0,0.0,0.0,1.0,3.0
4400000.0,10.0,0.0,0.0,2690.35,52.1,-0.4,1000.0,106.1,-6.0,16.0,36.8,21.0,0.9,0.0,13.0,0.0,0.0,0.0,0.0,5.0
2400000.0,8.0,1.0,0.0,2809.05,39.1,-6.6,986.0,110.1,-13.0,20.0,75.7,13.0,2.3,0.0,7.0,0.0,0.0,0.0,1.0,32.0
5000000.0,8.5,0.0,1.0,3390.74,64.0,2.9,1017.0,107.4,-4.0,5.0,27.5,18.0,1.0,0.0,5.0,0.0,0.0,0.0,4.0,9.0
2500000.0,10.4,1.0,10.0,2562.48,57.1,-5.3,1031.0,115.7,17.0,7.0,75.8,37.0,4.7,0.0,20.0,1.0,0.0,0.0,3.0,79.0
600000.0,6.8,0.0,0.0,595.61,50.0,-0.2,973.0,94.2,-1.0,2.0,4.8,5.0,0.1,0.0,1.0,0.0,0.0,0.0,1.0,1.0
600000.0,7.0,0.0,0.0,2283.22,34.5,-6.3,981.0,113.9,-2.0,8.0,35.9,10.0,0.7,0.0,11.0,0.0,0.0,0.0,0.0,10.0
1250000.0,5.6,0.0,0.0,2551.18,22.2,-6.3,952.0,101.4,-15.0,17.0,36.1,12.0,0.3,0.0,14.0,0.0,0.0,0.0,0.0,6.0
925000.0,3.6,0.0,0.0,429.52,28.6,1.3,934.0,97.1,-3.0,0.0,3.4,3.0,0.0,0.0,3.0,0.0,0.0,0.0,1.0,0.0
1750000.0,8.5,0.0,1.0,3057.54,51.0,0.0,1000.0,112.5,-7.0,16.0,49.3,14.0,1.1,0.0,10.0,1.0,0.0,0.0,0.0,13.0
575000.0,12.2,0.0,0.0,584.31,63.2,3.6,1022.0,99.7,6.0,1.0,7.4,5.0,0.9,0.0,0.0,0.0,0.0,0.0,0.0,4.0
2000000.0,7.2,0.0,0.0,1189.98,35.0,-2.3,979.0,108.8,-3.0,10.0,10.8,3.0,0.2,0.0,4.0,0.0,0.0,0.0,0.0,3.0
650000.0,7.4,0.0,1.0,2326.99,42.0,2.7,974.0,114.1,-10.0,13.0,50.3,20.0,1.2,0.0,7.0,0.0,0.0,0.0,1.0,30.0
3500000.0,6.5,0.0,0.0,3460.79,47.6,-3.3,1003.0,104.8,0.0,19.0,29.8,16.0,0.7,0.0,13.0,0.0,0.0,0.0,0.0,0.0
2000000.0,6.6,0.0,0.0,3450.68,44.4,6.8,973.0,101.8,-6.0,15.0,44.5,18.0,1.5,0.0,10.0,0.0,0.0,0.0,3.0,4.0
1200000.0,8.1,0.0,0.0,2706.94,45.9,-0.3,1004.0,112.9,8.0,8.0,66.6,26.0,2.9,0.0,3.0,0.0,0.0,0.0,0.0,27.0
3550000.0,7.4,0.0,0.0,2901.78,52.3,1.6,1002.0,115.8,0.0,18.0,51.5,25.0,0.8,0.0,8.0,0.0,0.0,0.0,1.0,13.0
832500.0,11.1,0.0,0.0,70.55,50.0,1.4,778.0,97.5,0.0,0.0,0.7,1.0,0.0,0.0,0.0,0.0,0.0,0.0,0.0,0.0
767500.0,0.0,0.0,0.0,309.27,0.0,-0.5,933.0,106.0,-3.0,1.0,3.5,5.0,0.0,0.0,0.0,0.0,0.0,0.0,0.0,0.0
875000.0,7.9,0.0,0.0,3190.73,61.9,4.1,1022.0,114.2,11.0,14.0,34.5,15.0,1.4,0.0,11.0,0.0,0.0,0.0,4.0,5.0
6000000.0,9.4,0.0,1.0,3272.5,58.4,5.2,999.0,116.7,1.0,25.0,54.5,38.0,1.7,0.0,11.0,0.0,0.0,0.0,3.0,16.0
6750000.0,10.1,1.0,0.0,3075.94,64.9,7.3,1016.0,119.0,7.0,13.0,49.2,62.0,2.1,0.0,17.0,1.0,0.0,0.0,1.0,17.0
792500.0,9.7,0.0,1.0,3220.83,50.5,-9.7,1022.0,115.2,7.0,11.0,62.1,14.0,1.7,0.0,18.0,0.0,0.0,0.0,2.0,2.0
2700000.0,9.8,1.0,5.0,2176.72,50.0,3.1,1013.0,120.0,7.0,16.0,61.4,20.0,2.0,0.0,8.0,0.0,0.0,0.0,1.0,35.0
575000.0,8.5,0.0,0.0,3308.85,45.5,-1.6,1010.0,103.3,14.0,17.0,43.3,24.0,1.6,0.0,15.0,0.0,0.0,0.0,0.0,11.0
4750000.0,6.5,0.0,2.0,2632.47,35.2,0.7,973.0,110.0,-5.0,12.0,66.9,8.0,3.3,0.0,8.0,0.0,0.0,0.0,1.0,32.0
575000.0,9.4,0.0,0.0,1112.5,46.9,-4.4,1010.0,114.2,-1.0,10.0,17.7,1.0,0.6,0.0,2.0,0.0,0.0,0.0,0.0,3.0
575000.0,0.0,0.0,0.0,86.38,0.0,-0.6,818.0,98.6,-1.0,0.0,1.5,2.0,0.0,0.0,0.0,0.0,0.0,0.0,0.0,0.0
832500.0,10.0,0.0,0.0,937.39,43.8,-1.0,1015.0,103.7,2.0,4.0,8.9,5.0,0.3,0.0,1.0,1.0,0.0,0.0,1.0,0.0
6000000.0,10.7,1.0,5.0,3185.47,57.6,-5.7,995.0,120.8,-15.0,11.0,64.5,37.0,0.9,1.0,12.0,0.0,0.0,0.0,8.0,85.0
2825000.0,9.0,0.0,0.0,2257.93,46.7,-3.9,1009.0,107.3,3.0,12.0,57.7,8.0,2.4,0.0,0.0,0.0,0.0,0.0,0.0,15.0
3600000.0,7.8,0.0,0.0,3046.77,40.4,-10.4,1000.0,103.1,-1.0,15.0,74.7,19.0,4.0,0.0,9.0,0.0,0.0,0.0,0.0,14.0
600000.0,3.4,0.0,0.0,254.87,20.0,-0.2,886.0,95.6,-3.0,1.0,2.5,1.0,-0.1,0.0,1.0,0.0,0.0,0.0,0.0,2.0
600000.0,4.8,0.0,0.0,874.35,38.1,-2.1,978.0,109.2,-3.0,7.0,15.3,5.0,0.4,0.0,0.0,0.0,0.0,0.0,0.0,8.0
7000000.0,8.4,0.0,5.0,2547.54,51.8,0.4,1006.0,118.7,11.0,7.0,65.8,13.0,3.2,0.0,6.0,0.0,0.0,0.0,1.0,94.0
874125.0,10.0,0.0,0.0,163.61,33.3,-0.8,1035.0,104.1,0.0,0.0,3.2,0.0,0.1,0.0,0.0,0.0,0.0,0.0,1.0,0.0
1000000.0,5.4,0.0,1.0,1861.15,44.0,-1.0,983.0,102.0,-3.0,12.0,17.7,5.0,0.6,0.0,7.0,0.0,0.0,0.0,2.0,4.0
925000.0,9.7,1.0,4.0,2359.66,57.9,-5.5,1013.0,119.3,-13.0,11.0,50.0,38.0,1.0,0.0,22.0,0.0,0.0,0.0,4.0,25.0
1100000.0,5.4,0.0,1.0,2828.65,38.7,3.0,975.0,110.6,-3.0,32.0,37.4,6.0,2.0,0.0,16.0,0.0,0.0,0.0,0.0,16.0
925000.0,3.7,1.0,0.0,288.33,22.2,-2.6,928.0,122.4,-5.0,0.0,5.4,3.0,-0.1,0.0,1.0,0.0,0.0,0.0,0.0,0.0
600000.0,8.0,1.0,1.0,2917.09,53.8,0.3,1008.0,116.3,9.0,5.0,29.7,19.0,1.1,0.0,11.0,0.0,0.0,0.0,6.0,6.0
4000000.0,7.3,1.0,5.0,3084.88,46.4,4.8,964.0,113.4,-21.0,22.0,71.4,15.0,3.6,0.0,13.0,0.0,0.0,0.0,2.0,75.0
1800000.0,8.8,0.0,0.0,3060.9,49.2,-0.8,1011.0,98.8,15.0,12.0,44.5,30.0,1.5,0.0,17.0,0.0,0.0,0.0,2.0,5.0
650000.0,0.0,0.0,0.0,74.31,0.0,-0.2,700.0,86.5,-3.0,0.0,0.5,0.0,-0.1,0.0,0.0,0.0,0.0,0.0,0.0,0.0
4100000.0,9.2,0.0,3.0,2631.61,44.0,-2.6,1005.0,105.5,12.0,10.0,78.5,23.0,3.8,0.0,8.0,0.0,0.0,0.0,2.0,35.0
742500.0,25.0,0.0,0.0,38.49,50.0,-1.0,1139.0,122.8,-1.0,0.0,0.8,0.0,0.0,0.0,0.0,0.0,0.0,0.0,0.0,0.0
1500000.0,8.7,0.0,1.0,3344.08,46.8,-1.5,1006.0,104.6,4.0,23.0,50.3,21.0,1.2,0.0,10.0,0.0,1.0,0.0,1.0,12.0
4250000.0,9.1,0.0,4.0,2355.96,60.2,8.1,1024.0,113.1,18.0,8.0,54.8,28.0,4.5,0.0,9.0,0.0,0.0,0.0,2.0,38.0
832500.0,10.1,0.0,0.0,3398.59,44.4,-2.3,996.0,111.0,-7.0,11.0,75.5,37.0,1.7,0.0,13.0,0.0,0.0,0.0,4.0,3.0
575000.0,0.0,0.0,0.0,245.7,0.0,-1.0,917.0,105.0,-2.0,0.0,2.5,5.0,0.0,0.0,0.0,0.0,0.0,0.0,0.0,0.0
600000.0,13.3,0.0,0.0,160.46,100.0,0.0,1133.0,113.4,2.0,0.0,1.1,0.0,0.1,0.0,0.0,0.0,0.0,0.0,0.0,1.0
925000.0,16.7,0.0,0.0,37.09,100.0,-0.1,1167.0,117.5,1.0,0.0,0.8,0.0,0.1,0.0,0.0,0.0,0.0,0.0,0.0,0.0
725000.0,2.9,0.0,0.0,196.93,25.0,0.0,935.0,107.2,-2.0,2.0,1.5,1.0,0.0,0.0,1.0,0.0,0.0,0.0,0.0,0.0
4000000.0,6.6,0.0,0.0,633.73,53.8,3.3,1002.0,109.0,-1.0,0.0,8.3,9.0,0.2,0.0,1.0,0.0,0.0,0.0,0.0,3.0
650000.0,4.9,0.0,1.0,565.53,42.9,-1.7,989.0,94.7,-1.0,4.0,5.2,4.0,0.1,0.0,5.0,0.0,0.0,0.0,0.0,5.0
645000.0,3.3,0.0,0.0,270.98,25.0,-0.1,908.0,124.8,-4.0,2.0,4.0,1.0,-0.1,0.0,1.0,0.0,0.0,0.0,0.0,1.0
800000.0,6.7,0.0,0.0,241.92,25.0,-1.7,963.0,95.5,-2.0,2.0,2.7,1.0,0.0,0.0,0.0,0.0,0.0,0.0,0.0,0.0
4500000.0,9.4,0.0,6.0,2469.46,62.5,5.2,1014.0,107.1,13.0,5.0,43.9,49.0,2.1,0.0,17.0,0.0,0.0,0.0,0.0,29.0
4500000.0,11.2,0.0,0.0,3168.08,59.9,-0.7,1020.0,122.5,-1.0,14.0,55.9,52.0,1.2,0.0,10.0,0.0,0.0,0.0,2.0,7.0
2500000.0,5.8,0.0,1.0,2981.17,34.3,-6.9,984.0,102.0,-7.0,17.0,86.0,18.0,3.8,0.0,3.0,0.0,0.0,0.0,0.0,42.0
2250000.0,9.2,1.0,0.0,3081.98,46.5,-3.4,1000.0,119.8,-1.0,15.0,70.0,16.0,2.2,0.0,17.0,0.0,0.0,0.0,1.0,20.0
575000.0,7.7,0.0,1.0,481.4,50.0,1.8,998.0,119.8,1.0,4.0,6.5,2.0,0.3,0.0,1.0,0.0,0.0,0.0,0.0,3.0
2500000.0,6.3,0.0,1.0,1061.41,60.0,-1.6,1024.0,104.9,3.0,7.0,14.1,3.0,1.2,0.0,2.0,0.0,0.0,0.0,0.0,5.0
817500.0,12.0,0.0,0.0,283.2,50.0,-1.2,1052.0,98.7,0.0,0.0,3.8,0.0,0.1,0.0,0.0,0.0,0.0,0.0,0.0,1.0
575000.0,8.3,0.0,0.0,2863.79,49.3,-4.1,1001.0,111.0,1.0,10.0,35.8,9.0,1.8,0.0,3.0,0.0,0.0,0.0,0.0,11.0
575000.0,7.9,0.0,0.0,1149.28,52.6,1.4,1018.0,105.3,2.0,2.0,13.6,11.0,0.3,0.0,0.0,0.0,0.0,0.0,0.0,2.0
2500000.0,7.4,0.0,1.0,2604.66,40.2,-2.1,986.0,112.6,-8.0,8.0,82.3,25.0,2.8,0.0,4.0,0.0,0.0,0.0,0.0,21.0
800000.0,7.4,0.0,0.0,2320.95,52.6,-1.8,1003.0,107.0,-5.0,7.0,44.5,16.0,2.3,0.0,4.0,0.0,0.0,0.0,0.0,19.0
925000.0,7.8,0.0,2.0,1034.27,76.0,4.2,1050.0,116.5,11.0,7.0,19.4,3.0,2.0,0.0,7.0,0.0,0.0,0.0,0.0,17.0
3900000.0,5.6,0.0,1.0,2496.45,35.9,-6.3,987.0,109.0,-3.0,19.0,60.5,7.0,2.8,0.0,7.0,0.0,0.0,0.0,1.0,19.0
575000.0,7.815825688073394,0.0,0.0,40.69,0.0,-0.6,993.5711009174312,89.9,0.0,0.0,0.4,0.0,0.0,0.0,0.0,0.0,0.0,0.0,0.0,0.0
7500000.0,8.8,0.0,4.0,2997.11,48.5,-4.9,1000.0,116.3,-6.0,39.0,87.7,16.0,3.9,0.0,11.0,0.0,0.0,0.0,2.0,72.0
575000.0,6.3,0.0,0.0,953.89,41.7,-3.7,1006.0,110.2,-2.0,5.0,9.4,7.0,0.1,0.0,5.0,0.0,0.0,0.0,0.0,2.0
4000000.0,9.6,2.0,6.0,3085.86,50.5,0.4,1011.0,108.9,7.0,4.0,54.8,47.0,1.4,0.0,11.0,0.0,0.0,0.0,2.0,33.0
5600000.0,9.9,0.0,1.0,2823.03,46.1,-3.1,1013.0,103.4,6.0,14.0,81.8,11.0,4.6,0.0,2.0,0.0,0.0,0.0,1.0,52.0
925000.0,15.8,0.0,0.0,155.2,60.0,-2.1,1099.0,113.8,1.0,0.0,3.4,1.0,0.2,0.0,0.0,0.0,0.0,0.0,0.0,0.0
3200000.0,4.5,0.0,0.0,111.96,50.0,-0.9,1016.0,106.5,1.0,0.0,2.9,0.0,0.2,0.0,0.0,0.0,0.0,0.0,0.0,2.0
650000.0,9.1,1.0,0.0,1557.8,50.0,1.1,1010.0,110.1,0.0,6.0,18.5,3.0,0.8,0.0,1.0,0.0,0.0,0.0,0.0,9.0
2100000.0,7.8,0.0,0.0,3403.59,44.7,-4.5,993.0,110.8,-5.0,8.0,73.4,41.0,0.7,0.0,5.0,0.0,0.0,0.0,2.0,3.0
4500000.0,4.2,0.0,2.0,1744.37,28.2,-9.6,959.0,112.1,-26.0,12.0,48.6,18.0,0.4,0.0,4.0,0.0,0.0,0.0,0.0,22.0
3250000.0,10.0,0.0,3.0,3242.63,66.4,10.2,1026.0,108.7,14.0,25.0,45.1,37.0,1.8,0.0,12.0,0.0,0.0,0.0,2.0,18.0
1100000.0,6.1,0.0,2.0,2869.53,27.8,-4.3,962.0,104.3,-8.0,9.0,39.0,29.0,0.6,0.0,5.0,0.0,0.0,0.0,1.0,4.0
575000.0,7.8,0.0,0.0,471.98,62.5,0.2,1023.0,93.9,0.0,2.0,4.0,6.0,0.2,0.0,5.0,0.0,0.0,0.0,0.0,2.0
2750000.0,7.8,0.0,0.0,2474.29,51.6,7.0,980.0,104.5,1.0,6.0,26.7,13.0,1.1,0.0,5.0,1.0,0.0,0.0,0.0,4.0
775000.0,3.7,0.0,0.0,1688.64,28.6,-6.0,982.0,96.2,-6.0,4.0,13.3,2.0,0.1,0.0,2.0,0.0,0.0,0.0,0.0,2.0
715000.0,8.8,1.0,1.0,1058.5,50.0,-0.5,993.0,106.5,-10.0,8.0,12.3,7.0,0.1,0.0,2.0,0.0,0.0,0.0,1.0,3.0
875000.0,7.2,1.0,0.0,2303.64,38.9,-2.0,985.0,109.9,-8.0,10.0,43.7,39.0,0.4,1.0,13.0,0.0,0.0,0.0,4.0,5.0
2200000.0,8.5,1.0,0.0,2741.63,41.1,-5.7,995.0,106.8,-4.0,14.0,49.7,23.0,0.7,0.0,9.0,1.0,0.0,0.0,3.0,3.0
1000000.0,10.7,1.0,2.0,2833.18,58.6,0.0,1031.0,113.5,8.0,12.0,62.5,16.0,3.9,0.0,12.0,1.0,0.0,0.0,4.0,30.0
1300000.0,6.3,1.0,0.0,1996.98,36.5,-7.0,966.0,115.0,-16.0,11.0,28.3,21.0,0.0,1.0,7.0,0.0,0.0,0.0,3.0,4.0
1100000.0,6.5,1.0,3.0,2790.55,34.5,-2.3,960.0,120.9,-4.0,14.0,69.6,14.0,2.1,0.0,8.0,0.0,0.0,0.0,0.0,26.0
4875000.0,8.0,0.0,2.0,1856.79,35.4,-9.3,979.0,116.1,-21.0,10.0,56.8,14.0,-0.1,0.0,8.0,0.0,0.0,0.0,0.0,29.0
925000.0,2.1,0.0,0.0,391.0,33.3,-0.6,986.0,101.5,-1.0,1.0,4.3,1.0,0.1,0.0,2.0,0.0,0.0,0.0,0.0,0.0
3200000.0,12.5,1.0,1.0,3295.08,59.9,16.5,1040.0,109.7,23.0,6.0,54.0,43.0,2.3,0.0,17.0,0.0,0.0,0.0,8.0,8.0
925000.0,7.3,0.0,1.0,2691.79,44.5,-11.6,983.0,103.1,-22.0,13.0,59.5,31.0,2.0,0.0,7.0,0.0,0.0,1.0,2.0,38.0
2600000.0,10.7,0.0,1.0,2747.36,56.7,-3.9,1013.0,109.4,-5.0,11.0,45.3,21.0,1.1,0.0,7.0,0.0,0.0,0.0,2.0,20.0
2300000.0,10.3,1.0,0.0,2909.04,49.7,6.0,1013.0,114.9,26.0,29.0,87.3,32.0,4.2,0.0,9.0,0.0,0.0,0.0,2.0,26.0
900000.0,7.5,0.0,1.0,3527.1,38.4,1.2,981.0,105.9,2.0,22.0,47.7,31.0,1.5,0.0,9.0,0.0,0.0,0.0,0.0,10.0
925000.0,9.1,0.0,0.0,3062.86,47.5,-6.8,995.0,120.7,-22.0,19.0,91.2,33.0,1.3,0.0,11.0,0.0,0.0,0.0,0.0,14.0
1250000.0,7.6,0.0,3.0,2785.54,43.0,-6.0,996.0,105.0,4.0,23.0,67.4,18.0,3.4,0.0,5.0,0.0,0.0,0.0,1.0,51.0
675000.0,5.2,0.0,0.0,1715.42,22.2,-2.7,960.0,114.9,-7.0,2.0,26.2,9.0,0.2,0.0,3.0,0.0,0.0,0.0,0.0,1.0
635000.0,0.0,0.0,0.0,130.4,0.0,0.3,778.0,95.6,-4.0,2.0,1.4,0.0,-0.1,0.0,1.0,0.0,0.0,0.0,0.0,0.0
632500.0,0.0,0.0,0.0,40.65,0.0,-0.6,833.0,104.3,-1.0,0.0,0.7,0.0,0.0,0.0,0.0,0.0,0.0,0.0,0.0,0.0
575000.0,0.0,0.0,0.0,45.4,0.0,0.4,1000.0,124.0,0.0,0.0,0.0,0.0,0.0,0.0,0.0,0.0,0.0,0.0,0.0,0.0
575000.0,7.1,0.0,0.0,434.49,54.5,2.1,1001.0,117.0,2.0,7.0,5.8,1.0,0.4,0.0,2.0,0.0,0.0,0.0,0.0,1.0
792500.0,7.9,0.0,1.0,2474.78,56.1,-3.6,1020.0,107.2,7.0,3.0,40.6,9.0,2.3,0.0,1.0,0.0,0.0,0.0,1.0,13.0
4300000.0,9.4,1.0,1.0,3373.26,56.3,3.2,990.0,123.0,-18.0,31.0,59.6,38.0,1.2,0.0,17.0,1.0,0.0,0.0,6.0,7.0
2000000.0,6.6,0.0,0.0,1462.97,51.3,3.1,987.0,105.0,1.0,2.0,19.0,11.0,1.5,0.0,5.0,0.0,0.0,0.0,0.0,16.0
832500.0,5.4,0.0,0.0,444.39,36.4,-1.8,980.0,110.4,-4.0,2.0,9.4,3.0,-0.1,0.0,0.0,0.0,0.0,0.0,0.0,3.0
4000000.0,8.5,0.0,2.0,3070.97,43.8,-12.3,997.0,109.5,0.0,19.0,75.5,13.0,3.5,0.0,17.0,0.0,0.0,0.0,1.0,42.0
8750000.0,9.7,0.0,4.0,3197.0,63.1,20.3,1000.0,116.8,12.0,12.0,52.4,64.0,2.5,0.0,6.0,0.0,0.0,0.0,6.0,17.0
5500000.0,8.1,0.0,4.0,3167.7,44.3,-10.4,986.0,103.8,-14.0,19.0,70.8,19.0,2.8,0.0,9.0,0.0,0.0,0.0,0.0,56.0
1125000.0,8.6,0.0,0.0,3203.75,55.3,1.5,1022.0,97.2,4.0,17.0,24.7,11.0,1.0,0.0,13.0,1.0,0.0,0.0,1.0,6.0
1050000.0,9.6,0.0,0.0,1544.78,53.5,6.7,1005.0,102.3,11.0,5.0,17.5,4.0,2.1,0.0,2.0,0.0,0.0,0.0,0.0,13.0
700000.0,6.3,0.0,2.0,1297.89,51.9,5.8,991.0,111.7,5.0,2.0,15.8,4.0,1.4,0.0,0.0,0.0,0.0,0.0,0.0,14.0
5250000.0,6.3,0.0,1.0,2066.16,38.2,-4.0,978.0,111.6,-17.0,13.0,57.8,11.0,1.4,0.0,5.0,0.0,0.0,0.0,3.0,44.0
5000000.0,8.8,0.0,0.0,3255.37,48.0,0.5,981.0,117.0,-14.0,8.0,71.8,47.0,1.7,0.0,21.0,0.0,0.0,0.0,7.0,16.0
625000.0,7.1,0.0,0.0,1896.96,52.6,-2.1,1025.0,97.1,2.0,3.0,18.1,4.0,0.6,0.0,6.0,0.0,0.0,0.0,0.0,7.0
4500000.0,7.3,0.0,2.0,3000.7,35.9,-12.0,970.0,110.7,-14.0,16.0,81.2,28.0,3.3,0.0,6.0,0.0,0.0,0.0,1.0,75.0
950000.0,5.7,0.0,0.0,1540.08,39.1,-2.5,979.0,111.3,-5.0,15.0,32.5,6.0,0.9,0.0,5.0,1.0,0.0,0.0,0.0,12.0
1100000.0,8.2,0.0,1.0,3403.56,45.1,2.9,1001.0,112.7,13.0,12.0,65.5,25.0,2.1,0.0,19.0,0.0,0.0,0.0,4.0,9.0
595000.0,8.5,0.0,0.0,366.96,57.1,0.2,1010.0,125.7,1.0,0.0,2.5,2.0,0.1,0.0,1.0,0.0,0.0,0.0,0.0,2.0
4500000.0,9.8,0.0,1.0,3096.11,51.9,-8.6,1020.0,110.4,-11.0,13.0,53.2,22.0,1.0,0.0,7.0,0.0,0.0,0.0,0.0,10.0
1250000.0,7.1,0.0,1.0,2682.32,45.5,4.0,961.0,105.5,-18.0,15.0,38.8,21.0,0.6,0.0,8.0,0.0,0.0,0.0,1.0,16.0
692500.0,7.2,0.0,0.0,1246.52,52.4,-3.7,1024.0,115.0,0.0,2.0,15.4,8.0,0.4,0.0,6.0,0.0,0.0,0.0,1.0,2.0
925000.0,8.5,0.0,0.0,1680.58,45.0,-10.4,1000.0,106.0,-5.0,3.0,35.5,17.0,0.8,0.0,4.0,0.0,0.0,0.0,0.0,12.0
4838000.0,8.7,0.0,1.0,2984.81,47.6,2.2,982.0,102.1,-16.0,12.0,79.5,57.0,3.1,0.0,14.0,0.0,0.0,0.0,1.0,21.0
750000.0,9.0,0.0,6.0,2993.14,52.3,-9.7,986.0,111.1,-21.0,19.0,47.8,64.0,0.8,0.0,13.0,0.0,0.0,0.0,6.0,53.0
5200000.0,8.1,1.0,0.0,3507.77,49.0,2.7,988.0,115.0,0.0,5.0,50.7,31.0,1.5,0.0,12.0,0.0,0.0,0.0,1.0,5.0
600000.0,7.0,1.0,0.0,1726.68,57.1,0.8,1017.0,97.8,6.0,7.0,18.5,11.0,0.9,0.0,3.0,0.0,0.0,0.0,2.0,8.0
925000.0,7.7,1.0,1.0,2639.49,46.4,6.8,997.0,104.8,8.0,9.0,30.9,20.0,1.1,0.0,3.0,0.0,0.0,0.0,1.0,3.0
4750000.0,11.0,1.0,0.0,2742.78,72.4,13.5,1039.0,118.7,16.0,14.0,38.6,30.0,1.4,1.0,17.0,0.0,0.0,0.0,4.0,11.0
650000.0,10.5,1.0,0.0,3427.38,54.5,-1.7,1027.0,117.3,3.0,5.0,66.3,40.0,1.4,0.0,12.0,0.0,0.0,0.0,6.0,7.0
4500000.0,9.3,0.0,0.0,3358.58,45.0,-5.4,992.0,107.0,-20.0,14.0,72.4,45.0,1.3,2.0,15.0,0.0,0.0,0.0,3.0,12.0
800000.0,7.7,0.0,0.0,2368.54,38.6,-4.5,969.0,110.6,-11.0,3.0,30.9,27.0,0.4,0.0,12.0,0.0,0.0,0.0,0.0,7.0
925000.0,5.3,0.0,0.0,948.38,38.5,-2.2,982.0,101.4,-3.0,1.0,8.7,7.0,0.2,0.0,1.0,0.0,0.0,0.0,0.0,5.0
1000000.0,9.5,0.0,0.0,2871.35,47.4,-1.0,1011.0,104.7,6.0,7.0,42.2,29.0,1.1,0.0,8.0,0.0,0.0,0.0,1.0,1.0
2000000.0,9.1,0.0,0.0,3168.57,53.6,3.5,1007.0,108.2,3.0,8.0,39.2,22.0,1.2,0.0,9.0,0.0,0.0,0.0,0.0,9.0
925000.0,7.3,0.0,1.0,3059.35,43.5,-6.3,992.0,109.5,-5.0,18.0,81.8,48.0,3.9,1.0,12.0,0.0,0.0,0.0,4.0,62.0
600000.0,5.6,0.0,0.0,1515.08,44.4,0.2,977.0,96.6,-5.0,2.0,15.1,6.0,0.3,0.0,5.0,0.0,0.0,0.0,1.0,2.0
832500.0,6.3,0.0,0.0,1531.25,33.3,-1.9,965.0,99.8,-8.0,2.0,13.8,7.0,0.1,0.0,8.0,0.0,0.0,0.0,2.0,2.0
575000.0,0.0,0.0,0.0,45.99,0.0,-0.2,500.0,89.7,-1.0,0.0,0.4,0.0,0.0,0.0,0.0,0.0,0.0,0.0,0.0,0.0
3500000.0,9.0,0.0,0.0,2674.92,58.3,6.8,1032.0,115.4,33.0,21.0,83.9,22.0,5.8,0.0,5.0,0.0,0.0,0.0,2.0,27.0
1750000.0,8.9,0.0,2.0,2398.38,39.6,-10.9,994.0,106.5,-7.0,12.0,62.1,7.0,2.4,0.0,6.0,0.0,0.0,0.0,0.0,21.0
875000.0,7.7,0.0,1.0,3383.76,50.5,11.6,991.0,115.4,5.0,15.0,51.8,49.0,1.7,0.0,7.0,0.0,0.0,0.0,2.0,10.0
1000000.0,7.7,0.0,1.0,1946.62,58.3,3.7,1010.0,98.2,5.0,8.0,17.1,13.0,0.9,0.0,7.0,0.0,0.0,0.0,3.0,6.0
575000.0,5.4,0.0,0.0,1649.17,53.3,-0.2,1014.0,103.6,1.0,7.0,12.9,6.0,0.5,0.0,9.0,0.0,0.0,0.0,0.0,2.0
5750000.0,9.6,0.0,2.0,2910.66,56.2,4.4,1013.0,105.5,20.0,16.0,78.9,36.0,4.8,0.0,4.0,0.0,0.0,0.0,1.0,57.0
1250000.0,7.7,0.0,1.0,3056.73,41.5,-5.6,994.0,101.3,0.0,5.0,72.0,31.0,3.8,0.0,5.0,0.0,0.0,0.0,0.0,32.0
700000.0,9.3,1.0,0.0,2670.99,52.8,-6.2,1021.0,106.6,2.0,16.0,30.6,10.0,0.7,0.0,6.0,0.0,0.0,0.0,0.0,2.0
925000.0,6.4,0.0,1.0,2572.85,38.0,-7.9,982.0,106.0,-7.0,27.0,53.7,12.0,2.3,0.0,5.0,0.0,0.0,0.0,5.0,14.0
13800000.0,10.0,0.0,1.0,2866.62,54.7,-7.3,1011.0,116.8,7.0,15.0,66.2,37.0,1.6,0.0,13.0,0.0,0.0,0.0,2.0,18.0
8000000.0,7.7,0.0,1.0,3304.91,44.9,-0.2,980.0,117.0,-14.0,19.0,54.0,37.0,0.6,0.0,8.0,0.0,0.0,0.0,4.0,5.0
1000000.0,6.4,0.0,0.0,1896.53,37.3,-1.2,974.0,96.6,-9.0,12.0,41.7,16.0,1.7,1.0,4.0,0.0,0.0,0.0,0.0,17.0
925000.0,11.0,0.0,0.0,3095.06,60.0,-2.3,1024.0,122.3,0.0,18.0,56.1,67.0,1.2,1.0,18.0,0.0,0.0,0.0,4.0,11.0
600000.0,5.6,0.0,0.0,168.86,33.3,-1.4,991.0,128.1,-1.0,4.0,2.5,0.0,0.0,0.0,2.0,0.0,0.0,0.0,0.0,1.0
832500.0,5.9,0.0,0.0,2130.23,31.3,-12.8,963.0,107.2,-20.0,29.0,51.7,12.0,1.1,0.0,14.0,0.0,0.0,0.0,2.0,24.0
2750000.0,10.3,0.0,3.0,2252.6,48.6,-3.8,1004.0,111.1,5.0,7.0,49.4,12.0,2.2,0.0,4.0,0.0,0.0,0.0,0.0,27.0
4250000.0,10.6,0.0,2.0,3091.67,47.4,-1.6,1012.0,109.4,3.0,9.0,50.1,30.0,1.1,0.0,5.0,0.0,0.0,0.0,2.0,6.0
3100000.0,11.1,1.0,5.0,2506.06,57.7,-4.3,1021.0,116.4,-5.0,11.0,41.8,17.0,0.9,0.0,6.0,0.0,0.0,0.0,1.0,8.0
575000.0,8.7,0.0,0.0,2829.24,53.9,4.1,1019.0,109.5,15.0,13.0,47.2,18.0,3.6,0.0,10.0,0.0,0.0,0.0,2.0,29.0
2250000.0,8.8,0.0,0.0,1095.02,42.9,-1.1,995.0,111.3,1.0,5.0,22.0,2.0,1.2,0.0,0.0,0.0,0.0,0.0,0.0,14.0
575000.0,3.6,0.0,0.0,507.0,40.0,0.9,986.0,115.3,-1.0,1.0,5.0,5.0,0.1,0.0,1.0,0.0,0.0,0.0,0.0,1.0
600000.0,7.1,2.0,0.0,2945.24,47.6,-10.2,987.0,104.9,-31.0,24.0,65.4,23.0,1.7,0.0,12.0,0.0,0.0,0.0,2.0,67.0
625000.0,7.7,0.0,0.0,106.17,100.0,-0.4,1077.0,97.5,1.0,0.0,1.2,0.0,0.1,0.0,0.0,0.0,0.0,0.0,0.0,0.0
4000000.0,4.8,0.0,0.0,2048.47,43.6,5.1,959.0,106.3,-10.0,16.0,19.0,7.0,0.4,0.0,9.0,0.0,0.0,0.0,0.0,7.0
2400000.0,7.4,0.0,2.0,3208.51,33.0,-12.8,959.0,105.5,-19.0,24.0,55.9,35.0,0.8,0.0,28.0,0.0,0.0,0.0,1.0,22.0
867500.0,4.5,0.0,0.0,1405.18,35.5,0.1,943.0,113.5,-12.0,5.0,17.5,12.0,0.1,0.0,1.0,0.0,0.0,0.0,2.0,3.0
1300000.0,7.7,0.0,1.0,3395.39,41.4,1.0,993.0,104.3,5.0,14.0,47.0,43.0,1.3,1.0,14.0,0.0,0.0,0.0,0.0,3.0
575000.0,7.3,0.0,0.0,743.96,42.9,0.3,996.0,108.3,2.0,2.0,8.2,5.0,0.3,0.0,1.0,0.0,0.0,0.0,0.0,1.0
832500.0,10.3,0.0,3.0,2900.95,48.7,0.9,998.0,106.8,6.0,19.0,66.9,15.0,2.8,0.0,6.0,0.0,0.0,0.0,1.0,30.0
7000000.0,11.9,0.0,1.0,3337.35,67.5,1.3,1042.0,114.9,17.0,19.0,60.8,61.0,2.1,0.0,8.0,0.0,0.0,0.0,5.0,14.0
700000.0,9.5,1.0,0.0,3226.96,58.3,-0.1,1034.0,107.9,12.0,32.0,43.6,25.0,1.5,0.0,17.0,0.0,0.0,0.0,1.0,9.0
850000.0,8.4,1.0,0.0,2899.84,44.3,-6.7,980.0,103.5,-19.0,7.0,51.9,33.0,0.8,1.0,12.0,0.0,0.0,0.0,2.0,10.0
925000.0,8.5,0.0,1.0,2278.86,55.0,-11.0,1021.0,110.7,-4.0,10.0,38.5,8.0,0.8,0.0,7.0,0.0,0.0,0.0,0.0,2.0
722500.0,10.3,0.0,0.0,1053.08,50.0,-1.2,1027.0,100.2,0.0,7.0,9.4,8.0,0.3,0.0,5.0,0.0,0.0,0.0,1.0,0.0
4250000.0,8.4,0.0,1.0,3365.72,51.8,3.8,1007.0,108.2,15.0,18.0,52.2,31.0,1.7,0.0,25.0,0.0,0.0,0.0,3.0,10.0
925000.0,11.7,0.0,1.0,1672.65,61.8,-1.2,1036.0,109.4,6.0,4.0,19.6,11.0,0.7,0.0,7.0,0.0,0.0,0.0,1.0,7.0
1850000.0,7.1,0.0,0.0,1866.95,35.3,-1.7,971.0,103.7,-3.0,12.0,21.0,10.0,0.4,0.0,8.0,0.0,0.0,0.0,0.0,2.0
5000000.0,9.2,1.0,2.0,3226.03,62.0,6.1,1011.0,113.7,12.0,12.0,49.2,37.0,2.2,0.0,13.0,0.0,0.0,0.0,2.0,27.0
925000.0,12.0,0.0,4.0,3267.43,61.5,12.2,1021.0,116.1,7.0,10.0,66.1,75.0,2.0,0.0,19.0,0.0,0.0,0.0,6.0,13.0
615000.0,8.0,1.0,0.0,1326.32,61.0,1.3,1026.0,110.2,10.0,15.0,22.1,4.0,2.3,0.0,8.0,0.0,0.0,0.0,0.0,20.0
4000000.0,9.8,0.0,0.0,2676.69,55.3,11.9,1017.0,105.5,5.0,10.0,47.0,16.0,2.7,0.0,6.0,0.0,0.0,0.0,1.0,37.0
715000.0,7.8,0.0,2.0,2444.36,47.1,-0.7,1005.0,108.3,2.0,13.0,57.2,8.0,3.0,0.0,8.0,0.0,0.0,0.0,1.0,28.0
1600000.0,5.8,0.0,0.0,469.19,50.0,-3.6,1005.0,105.5,0.0,0.0,7.3,2.0,0.2,0.0,0.0,0.0,0.0,0.0,1.0,2.0
874125.0,0.0,0.0,0.0,123.85,0.0,-0.5,900.0,104.0,-2.0,1.0,1.4,0.0,-0.1,0.0,0.0,0.0,0.0,0.0,0.0,1.0
5000000.0,11.1,2.0,0.0,3191.36,64.2,17.7,1011.0,116.6,18.0,33.0,55.5,69.0,2.8,1.0,22.0,1.0,0.0,1.0,3.0,3.0
1000000.0,9.7,0.0,4.0,3260.63,54.5,-14.8,1007.0,114.1,-18.0,8.0,63.5,34.0,0.9,0.0,6.0,0.0,0.0,1.0,7.0,56.0
1000000.0,8.8,0.0,0.0,3494.47,48.9,0.6,1013.0,107.1,10.0,4.0,59.8,33.0,1.5,0.0,9.0,0.0,0.0,0.0,1.0,8.0
600000.0,5.8,0.0,0.0,2350.43,47.2,-7.8,1003.0,101.4,-4.0,3.0,26.2,20.0,0.8,0.0,12.0,0.0,0.0,0.0,3.0,3.0
2250000.0,7.4,0.0,1.0,3265.02,47.7,-2.5,1008.0,108.9,-1.0,14.0,53.9,33.0,1.5,0.0,22.0,0.0,0.0,0.0,2.0,5.0
950000.0,9.5,0.0,7.0,2756.6,60.2,-8.1,1019.0,105.4,-3.0,13.0,36.7,38.0,1.1,0.0,16.0,1.0,0.0,0.0,1.0,26.0
1200000.0,6.1,0.0,0.0,2748.73,32.3,-1.6,965.0,99.7,-7.0,15.0,19.4,3.0,0.1,0.0,13.0,0.0,0.0,0.0,0.0,6.0
950000.0,9.3,0.0,0.0,2210.31,43.5,-2.0,1008.0,103.4,2.0,2.0,27.2,13.0,0.8,0.0,4.0,0.0,0.0,0.0,3.0,1.0
5000000.0,9.2,1.0,0.0,3349.09,54.3,7.8,999.0,111.8,13.0,23.0,65.8,45.0,2.2,0.0,6.0,0.0,0.0,0.0,2.0,13.0
6500000.0,11.1,2.0,3.0,3053.95,52.5,-0.1,1013.0,103.5,-2.0,19.0,56.4,27.0,1.6,0.0,16.0,0.0,0.0,0.0,3.0,25.0
900000.0,8.2,0.0,1.0,2559.26,51.8,-4.0,1017.0,108.5,11.0,20.0,56.6,7.0,3.7,0.0,2.0,0.0,0.0,0.0,1.0,28.0
12000000.0,9.1,0.0,12.0,2759.46,58.5,6.5,1025.0,110.3,20.0,19.0,79.1,11.0,6.0,0.0,5.0,0.0,0.0,0.0,5.0,89.0
925000.0,8.6,0.0,4.0,2849.34,49.6,-7.2,988.0,116.5,-25.0,11.0,57.4,49.0,0.8,0.0,20.0,0.0,0.0,0.0,2.0,14.0
925000.0,10.9,0.0,0.0,636.05,53.8,-1.4,1050.0,108.6,1.0,2.0,6.3,3.0,0.2,0.0,1.0,0.0,0.0,0.0,0.0,1.0
874125.0,5.1,0.0,0.0,2158.47,25.0,-4.2,966.0,98.4,-6.0,3.0,27.9,19.0,0.2,0.0,12.0,1.0,0.0,0.0,0.0,0.0
5000000.0,9.4,0.0,0.0,3231.48,48.5,-4.1,998.0,108.2,-1.0,13.0,62.1,30.0,1.6,0.0,10.0,0.0,0.0,0.0,2.0,5.0
1500000.0,6.0,0.0,0.0,3289.88,37.7,-1.1,975.0,105.3,-9.0,18.0,38.4,37.0,0.8,0.0,13.0,0.0,0.0,0.0,1.0,4.0
2725000.0,9.1,0.0,0.0,41.21,50.0,-0.3,966.0,118.7,0.0,0.0,0.7,1.0,0.0,0.0,0.0,0.0,0.0,0.0,0.0,0.0
670000.0,7.2,0.0,0.0,742.39,43.8,-1.2,999.0,117.2,-1.0,3.0,11.7,4.0,0.2,0.0,3.0,1.0,0.0,0.0,1.0,0.0
875000.0,10.7,0.0,0.0,2276.84,64.0,10.1,1043.0,106.8,22.0,8.0,36.2,36.0,3.5,0.0,2.0,0.0,0.0,0.0,1.0,21.0
3250000.0,7.5,3.0,0.0,3448.93,43.0,-4.2,998.0,112.0,-11.0,11.0,67.6,28.0,1.3,0.0,4.0,0.0,0.0,0.0,0.0,22.0
925000.0,9.9,0.0,1.0,833.21,62.1,-0.4,1029.0,113.0,1.0,5.0,14.8,9.0,0.4,0.0,5.0,0.0,0.0,0.0,0.0,1.0
2000000.0,11.4,0.0,0.0,3227.0,63.9,17.0,1046.0,109.5,34.0,15.0,43.6,44.0,2.5,1.0,26.0,0.0,0.0,0.0,4.0,9.0
625000.0,9.2,0.0,1.0,2413.87,57.9,2.6,1024.0,108.0,6.0,14.0,20.2,18.0,0.9,0.0,15.0,0.0,1.0,0.0,0.0,4.0
925000.0,7.6,0.0,0.0,628.33,46.2,-1.1,949.0,111.4,-4.0,2.0,10.9,6.0,0.2,0.0,2.0,0.0,0.0,0.0,0.0,7.0
3500000.0,8.5,0.0,0.0,2812.88,46.6,3.8,1008.0,111.8,2.0,14.0,48.0,30.0,0.9,0.0,10.0,0.0,0.0,0.0,2.0,14.0
925000.0,9.6,0.0,0.0,2421.77,57.6,3.8,1021.0,106.8,8.0,12.0,42.72,7.0,2.7,0.0,10.0,0.0,0.0,0.0,1.0,12.0
1650000.0,10.8,0.0,4.0,3059.47,51.6,-6.9,1022.0,107.3,13.0,15.0,79.8,23.0,3.9,1.0,8.0,0.0,0.0,0.0,2.0,29.0
640000.0,10.3,0.0,3.0,3322.92,57.0,2.7,1008.0,120.0,16.0,14.0,58.6,37.0,2.1,0.0,22.0,0.0,0.0,0.0,6.0,48.0
925000.0,4.2,0.0,0.0,390.07,16.7,-2.0,951.0,99.7,-3.0,2.0,5.4,4.0,0.0,0.0,0.0,0.0,0.0,0.0,1.0,1.0
1900000.0,9.4,0.0,1.0,2998.1,56.0,4.0,999.0,108.0,-4.0,13.0,35.8,14.0,1.1,0.0,13.0,0.0,0.0,0.0,2.0,8.0
925000.0,10.7,0.0,0.0,1996.98,52.4,-5.3,990.0,104.7,-16.0,11.0,28.9,20.0,0.3,0.0,12.0,0.0,0.0,0.0,2.0,1.0
4000000.0,10.6,1.0,0.0,2999.13,58.5,-0.4,1020.0,112.0,8.0,17.0,57.6,60.0,2.0,0.0,24.0,0.0,0.0,0.0,1.0,17.0
6500000.0,6.3,1.0,0.0,716.02,33.3,-4.5,978.0,115.4,-4.0,4.0,15.1,7.0,0.1,0.0,5.0,0.0,0.0,0.0,0.0,4.0
700000.0,10.4,0.0,0.0,1327.15,67.9,2.2,1054.0,107.0,9.0,3.0,14.5,11.0,0.8,0.0,5.0,0.0,0.0,0.0,1.0,0.0
925000.0,7.8,1.0,0.0,2797.57,51.2,0.0,995.0,114.8,-2.0,17.0,39.6,26.0,1.2,0.0,21.0,0.0,0.0,0.0,2.0,7.0
925000.0,9.1,0.0,0.0,3210.58,51.1,-8.1,1010.0,106.1,-13.0,8.0,46.7,44.0,0.4,0.0,15.0,0.0,0.0,0.0,2.0,2.0
1025000.0,6.0,0.0,1.0,1016.4,44.8,-5.7,986.0,109.7,-8.0,2.0,18.3,4.0,0.5,0.0,0.0,0.0,0.0,0.0,1.0,15.0
925000.0,10.4,2.0,2.0,3116.42,55.3,4.9,1003.0,112.3,1.0,19.0,56.5,36.0,1.3,1.0,40.0,0.0,0.0,1.0,9.0,35.0
925000.0,11.3,0.0,3.0,3130.23,60.0,-4.0,1031.0,104.9,11.0,20.0,53.8,17.0,3.3,0.0,10.0,0.0,0.0,0.0,3.0,49.0
1750000.0,10.0,1.0,0.0,3444.06,46.6,-2.4,1020.0,102.9,20.0,11.0,59.4,11.0,1.9,1.0,9.0,0.0,0.0,0.0,0.0,6.0
6000000.0,8.5,0.0,0.0,2737.48,61.1,3.2,1012.0,108.4,-9.0,15.0,45.8,43.0,1.7,0.0,22.0,0.0,0.0,0.0,2.0,22.0
2500000.0,8.5,0.0,1.0,1529.78,50.0,3.3,988.0,99.2,-3.0,7.0,12.4,11.0,0.4,0.0,8.0,0.0,0.0,0.0,1.0,4.0
667500.0,6.4,0.0,0.0,1965.44,48.6,-5.6,1004.0,110.7,-1.0,6.0,25.9,27.0,0.5,0.0,9.0,0.0,0.0,0.0,0.0,6.0
3700000.0,7.2,0.0,2.0,2991.75,43.4,-1.1,993.0,105.9,-1.0,20.0,57.2,6.0,3.0,0.0,3.0,0.0,0.0,0.0,1.0,36.0
650000.0,2.3,0.0,0.0,582.41,12.5,-2.8,893.0,97.1,-6.0,0.0,5.1,2.0,-0.1,0.0,0.0,0.0,0.0,0.0,0.0,4.0
925000.0,11.1,0.0,0.0,85.45,100.0,-0.3,1111.0,105.0,0.0,0.0,1.0,1.0,0.0,0.0,0.0,0.0,0.0,0.0,0.0,0.0
832500.0,0.0,0.0,0.0,34.29,0.0,0.2,1000.0,77.6,0.0,0.0,0.7,1.0,0.0,0.0,0.0,0.0,0.0,0.0,0.0,0.0
667500.0,11.1,1.0,2.0,2342.99,66.7,13.2,1039.0,121.5,24.0,11.0,44.5,26.0,1.7,0.0,13.0,0.0,0.0,0.0,2.0,4.0
832500.0,4.9,0.0,0.0,2486.57,42.9,-0.5,988.0,102.7,-2.0,9.0,22.6,11.0,0.6,0.0,5.0,0.0,0.0,0.0,1.0,0.0
7000000.0,7.9,0.0,3.0,3288.16,51.7,-12.0,995.0,104.8,-16.0,16.0,58.1,26.0,1.3,0.0,9.0,0.0,0.0,0.0,5.0,30.0
925000.0,13.1,1.0,8.0,2705.08,60.7,-2.9,1034.0,109.0,7.0,13.0,49.7,43.0,1.5,0.0,10.0,0.0,0.0,0.0,4.0,50.0
925000.0,6.8,0.0,0.0,2876.3,45.7,-4.1,986.0,96.3,-17.0,7.0,38.4,16.0,0.8,0.0,15.0,0.0,0.0,0.0,2.0,3.0
3750000.0,8.2,0.0,5.0,3238.07,46.5,-1.7,974.0,112.5,-13.0,19.0,70.5,63.0,1.7,0.0,30.0,0.0,0.0,0.0,5.0,37.0
6000000.0,8.7,0.0,2.0,2164.19,42.6,1.4,985.0,103.0,-6.0,11.0,53.2,21.0,2.2,0.0,5.0,0.0,0.0,0.0,0.0,45.0
750000.0,3.5,0.0,0.0,981.2,25.0,-3.3,939.0,105.6,-11.0,4.0,13.8,9.0,0.0,0.0,4.0,0.0,0.0,0.0,0.0,11.0
7000000.0,10.7,1.0,3.0,2769.25,53.8,3.9,1018.0,108.4,3.0,12.0,87.0,53.0,4.8,0.0,6.0,0.0,0.0,0.0,1.0,61.0
640000.0,14.3,0.0,0.0,78.43,100.0,0.1,1143.0,89.5,1.0,0.0,0.7,0.0,0.1,0.0,0.0,0.0,0.0,0.0,0.0,0.0
3000000.0,6.1,0.0,1.0,2902.51,38.9,-10.9,975.0,112.9,-23.0,9.0,42.7,5.0,0.2,0.0,9.0,0.0,0.0,0.0,1.0,14.0
925000.0,3.2,0.0,0.0,189.25,33.3,-1.1,958.0,109.2,-1.0,1.0,1.9,0.0,0.0,0.0,0.0,0.0,0.0,0.0,0.0,1.0
925000.0,0.0,0.0,0.0,96.95,0.0,-1.8,857.0,123.2,-2.0,3.0,1.5,0.0,-0.1,0.0,0.0,0.0,0.0,0.0,0.0,0.0
3000000.0,8.6,0.0,3.0,3201.68,55.0,8.2,1010.0,115.2,10.0,10.0,71.7,46.0,2.1,1.0,13.0,0.0,0.0,0.0,7.0,25.0
3750000.0,10.5,0.0,3.0,2758.76,65.4,6.3,1017.0,114.7,12.0,10.0,45.4,96.0,2.1,2.0,19.0,0.0,0.0,0.0,1.0,13.0
9500000.0,12.2,0.0,6.0,2356.8,71.0,6.2,1052.0,119.1,18.0,35.0,44.8,52.0,1.6,1.0,14.0,0.0,0.0,0.0,3.0,34.0
1250000.0,4.5,0.0,0.0,3488.72,33.3,-2.5,968.0,103.1,-12.0,6.0,47.0,27.0,0.9,0.0,12.0,0.0,0.0,0.0,1.0,6.0
925000.0,9.3,0.0,1.0,2642.13,52.7,-9.3,1017.0,114.5,1.0,5.0,39.2,17.0,0.8,0.0,5.0,0.0,0.0,0.0,2.0,5.0
842500.0,6.5,0.0,0.0,558.17,41.7,-1.2,986.0,97.6,-2.0,2.0,6.0,5.0,0.1,0.0,2.0,0.0,0.0,0.0,1.0,0.0
4000000.0,7.8,0.0,1.0,3102.4,57.8,1.7,1010.0,116.6,7.0,15.0,40.3,34.0,1.4,0.0,13.0,0.0,0.0,0.0,6.0,14.0
2700000.0,7.4,0.0,0.0,1657.86,36.4,-0.4,992.0,120.3,4.0,10.0,31.2,3.0,1.1,0.0,4.0,0.0,0.0,0.0,0.0,9.0
5000000.0,8.7,1.0,0.0,3030.45,54.2,7.0,1023.0,114.2,23.0,15.0,91.7,20.0,5.3,0.0,12.0,0.0,0.0,0.0,3.0,38.0
575000.0,5.9,0.0,0.0,209.31,25.0,-0.2,968.0,103.3,-1.0,1.0,2.8,1.0,0.0,0.0,1.0,0.0,0.0,0.0,0.0,0.0
600000.0,8.1,0.0,1.0,1846.7,40.8,0.3,977.0,106.2,-7.0,6.0,40.1,10.0,1.5,0.0,5.0,0.0,0.0,0.0,1.0,26.0
3700000.0,10.4,0.0,3.0,3229.5,57.3,0.7,1006.0,117.0,5.0,5.0,62.3,54.0,1.6,0.0,9.0,0.0,0.0,0.0,4.0,20.0
6500000.0,10.0,1.0,0.0,3247.27,65.1,5.9,1026.0,119.4,4.0,14.0,52.0,46.0,1.9,2.0,11.0,0.0,0.0,0.0,4.0,15.0
575000.0,13.0,0.0,0.0,1106.45,57.7,-2.6,1060.0,100.0,9.0,1.0,14.8,5.0,0.6,0.0,5.0,0.0,0.0,0.0,0.0,1.0
680000.0,6.3,0.0,0.0,581.67,33.3,-1.3,972.0,107.1,-2.0,3.0,3.2,3.0,0.0,0.0,4.0,0.0,0.0,0.0,0.0,0.0
600000.0,6.6,2.0,0.0,3023.36,46.4,4.2,985.0,103.6,-2.0,10.0,33.6,11.0,1.3,0.0,6.0,0.0,0.0,0.0,2.0,6.0
9000000.0,10.2,1.0,3.0,2715.54,59.8,19.7,1029.0,111.3,34.0,18.0,82.6,41.0,6.6,0.0,5.0,0.0,0.0,0.0,4.0,38.0
4250000.0,9.2,1.0,1.0,2855.83,49.2,0.6,1000.0,108.8,4.0,10.0,65.0,23.0,4.1,0.0,8.0,1.0,0.0,0.0,2.0,41.0
7000000.0,7.5,0.0,1.0,3287.74,47.5,5.0,997.0,113.2,10.0,12.0,59.8,30.0,1.9,0.0,12.0,0.0,0.0,0.0,3.0,21.0
925000.0,9.2,0.0,2.0,3119.42,54.3,1.7,1009.0,104.0,7.0,16.0,66.0,38.0,4.5,0.0,12.0,0.0,0.0,0.0,2.0,74.0
7000000.0,8.5,0.0,0.0,3418.06,48.2,8.2,982.0,110.4,-4.0,11.0,52.4,25.0,1.8,0.0,19.0,0.0,0.0,0.0,2.0,5.0
925000.0,6.7,0.0,0.0,826.49,75.0,0.4,1037.0,118.6,2.0,1.0,8.0,4.0,0.3,0.0,1.0,0.0,0.0,0.0,1.0,4.0
2000000.0,9.5,0.0,0.0,3155.13,62.1,15.0,1014.0,115.0,13.0,25.0,53.2,33.0,2.0,1.0,19.0,0.0,0.0,0.0,5.0,5.0
667500.0,8.5,0.0,4.0,3044.03,53.7,3.0,1007.0,111.9,-1.0,4.0,39.0,25.0,1.1,1.0,8.0,0.0,0.0,0.0,2.0,10.0
600000.0,9.3,0.0,1.0,1217.17,57.5,3.6,1002.0,105.4,3.0,6.0,16.7,7.0,1.1,0.0,4.0,0.0,0.0,0.0,0.0,7.0
1400000.0,4.6,0.0,0.0,756.76,40.0,0.8,963.0,104.5,-4.0,3.0,9.0,1.0,0.5,0.0,0.0,0.0,0.0,0.0,1.0,3.0
1600000.0,9.3,0.0,0.0,2050.94,46.2,-10.6,1012.0,104.5,-7.0,6.0,34.1,12.0,0.4,0.0,6.0,0.0,0.0,0.0,0.0,6.0
7500000.0,11.6,2.0,1.0,2831.91,53.6,-3.7,987.0,120.9,-18.0,12.0,49.2,32.0,0.3,0.0,8.0,0.0,0.0,0.0,6.0,17.0
4500000.0,0.0,0.0,0.0,175.57,0.0,0.4,950.0,106.8,-1.0,0.0,1.7,1.0,0.0,0.0,0.0,0.0,0.0,0.0,0.0,0.0
6000000.0,9.6,1.0,3.0,3370.18,54.6,2.7,1001.0,115.9,-4.0,15.0,61.6,76.0,1.4,0.0,21.0,0.0,0.0,0.0,6.0,36.0
767500.0,4.6,0.0,0.0,1024.08,33.3,-3.4,978.0,113.2,-2.0,6.0,14.3,9.0,0.2,0.0,1.0,0.0,0.0,0.0,0.0,0.0
725000.0,5.8,1.0,2.0,2565.32,48.2,1.1,982.0,102.7,-3.0,10.0,32.9,19.0,1.1,0.0,8.0,0.0,0.0,0.0,2.0,6.0
5750000.0,11.0,0.0,0.0,2953.97,66.2,7.7,1037.0,114.1,10.0,29.0,50.4,42.0,2.0,0.0,19.0,0.0,0.0,0.0,2.0,2.0
4000000.0,7.9,0.0,2.0,1944.03,44.2,1.9,982.0,114.1,-5.0,13.0,40.6,9.0,2.1,0.0,10.0,0.0,0.0,0.0,1.0,26.0
14000000.0,8.3,1.0,2.0,2991.58,51.8,6.7,986.0,113.9,-10.0,13.0,62.6,29.0,1.9,0.0,24.0,0.0,0.0,0.0,5.0,9.0
5200000.0,10.9,0.0,4.0,3055.05,62.6,6.4,1016.0,101.3,-7.0,20.0,49.8,36.0,2.8,0.0,4.0,0.0,0.0,0.0,0.0,42.0
575000.0,5.5,0.0,0.0,1039.4,38.5,-1.2,989.0,95.6,-3.0,4.0,9.6,3.0,0.2,1.0,3.0,0.0,0.0,0.0,0.0,1.0
575000.0,10.2,0.0,0.0,1335.01,60.8,0.1,1038.0,110.7,9.0,4.0,30.3,9.0,1.5,0.0,1.0,0.0,0.0,0.0,0.0,6.0
575000.0,9.1,1.0,1.0,2600.04,50.0,-8.8,1009.0,121.2,-2.0,4.0,38.4,17.0,0.6,0.0,4.0,0.0,0.0,0.0,0.0,4.0
925000.0,7.4,0.0,1.0,2448.72,44.1,-4.4,986.0,102.9,-21.0,18.0,29.9,16.0,0.3,0.0,18.0,0.0,0.0,0.0,2.0,3.0
700000.0,8.8,0.0,0.0,2254.95,50.0,-1.1,1011.0,119.5,5.0,11.0,29.4,12.0,0.8,0.0,17.0,0.0,0.0,0.0,0.0,3.0
650000.0,8.8,0.0,1.0,1792.07,58.3,1.3,1019.0,106.7,1.0,6.0,22.9,19.0,0.9,1.0,5.0,0.0,0.0,0.0,1.0,7.0
950000.0,7.8,1.0,0.0,1438.31,36.8,-2.3,975.0,109.5,-7.0,10.0,30.2,13.0,0.5,0.0,5.0,0.0,0.0,0.0,3.0,0.0
3500000.0,11.1,0.0,0.0,136.83,66.7,0.4,1056.0,108.0,1.0,0.0,1.1,0.0,0.1,0.0,0.0,0.0,0.0,0.0,0.0,2.0
3000000.0,6.4,0.0,0.0,1469.56,38.3,-8.9,970.0,105.5,-11.0,14.0,25.3,9.0,0.5,0.0,0.0,0.0,0.0,0.0,0.0,21.0
667500.0,5.6,1.0,0.0,470.45,20.0,-0.7,881.0,98.2,-8.0,1.0,7.4,2.0,-0.2,0.0,0.0,0.0,0.0,0.0,0.0,3.0
7250000.0,8.3,1.0,4.0,3295.12,52.9,5.2,978.0,114.1,-12.0,12.0,51.7,60.0,1.4,0.0,13.0,0.0,0.0,0.0,3.0,26.0
842500.0,0.0,0.0,0.0,168.88,0.0,0.0,941.0,92.9,0.0,0.0,1.5,1.0,0.0,0.0,0.0,0.0,0.0,0.0,0.0,0.0
1650000.0,11.3,3.0,0.0,3269.65,57.4,-3.8,1044.0,110.9,22.0,5.0,54.5,48.0,1.9,0.0,12.0,0.0,0.0,0.0,2.0,8.0
3800000.0,7.9,0.0,0.0,3025.88,41.4,-0.3,993.0,106.8,1.0,14.0,73.0,40.0,3.9,0.0,4.0,0.0,0.0,0.0,0.0,24.0
3250000.0,11.9,1.0,0.0,2358.59,61.8,1.7,1034.0,113.7,9.0,8.0,40.2,36.0,1.2,1.0,14.0,0.0,0.0,0.0,2.0,25.0
802500.0,8.9,0.0,0.0,2636.48,46.9,-4.1,996.0,115.3,8.0,11.0,84.0,34.0,3.6,0.0,8.0,0.0,0.0,0.0,4.0,19.0
1000000.0,8.8,1.0,0.0,3372.82,47.4,1.0,1001.0,110.6,1.0,16.0,63.8,29.0,1.2,0.0,14.0,0.0,0.0,0.0,3.0,3.0
650000.0,8.9,0.0,0.0,2486.54,54.5,2.9,1007.0,118.9,8.0,18.0,45.6,14.0,2.6,0.0,8.0,0.0,0.0,0.0,1.0,20.0
700000.0,5.3,0.0,0.0,1521.76,32.4,-5.2,968.0,106.9,-4.0,9.0,24.3,5.0,0.9,0.0,2.0,0.0,0.0,0.0,1.0,8.0
600000.0,8.7,0.0,0.0,1119.93,66.7,0.0,1035.0,105.4,3.0,8.0,13.3,5.0,1.2,0.0,0.0,0.0,0.0,0.0,0.0,6.0
925000.0,0.0,0.0,0.0,159.23,0.0,-0.7,947.0,105.8,-1.0,1.0,3.2,0.0,0.1,0.0,0.0,0.0,0.0,0.0,0.0,2.0
575000.0,4.0,0.0,0.0,160.72,33.3,-0.8,960.0,118.2,-1.0,3.0,2.2,1.0,0.0,0.0,0.0,0.0,0.0,0.0,0.0,0.0
842500.0,6.7,0.0,0.0,1737.33,30.4,-4.4,948.0,97.6,-17.0,6.0,22.3,13.0,0.0,0.0,3.0,0.0,0.0,0.0,1.0,7.0
4000000.0,10.0,2.0,0.0,3060.99,52.5,2.2,1000.0,110.2,1.0,14.0,51.2,21.0,1.3,1.0,4.0,0.0,0.0,0.0,0.0,5.0
925000.0,0.0,0.0,0.0,80.86,0.0,0.5,1000.0,104.9,0.0,0.0,0.3,0.0,0.0,0.0,0.0,0.0,0.0,0.0,0.0,0.0
792500.0,8.3,0.0,0.0,86.35,50.0,-0.3,958.0,149.0,0.0,1.0,1.2,0.0,0.1,0.0,0.0,0.0,0.0,0.0,0.0,1.0
6000000.0,8.6,1.0,2.0,3352.03,43.4,1.0,969.0,109.7,-19.0,9.0,60.9,27.0,1.0,0.0,12.0,0.0,0.0,0.0,2.0,13.0
585000.0,0.0,0.0,0.0,81.33,0.0,0.9,889.0,123.3,-1.0,0.0,1.0,2.0,0.0,0.0,0.0,0.0,0.0,0.0,0.0,1.0
925000.0,10.8,0.0,0.0,388.29,58.3,0.6,1031.0,107.8,0.0,2.0,4.3,1.0,0.3,0.0,0.0,0.0,0.0,0.0,0.0,1.0
1550000.0,9.3,1.0,4.0,3415.92,58.1,5.2,992.0,116.6,5.0,4.0,48.4,25.0,2.2,0.0,18.0,0.0,0.0,0.0,3.0,17.0
3250000.0,8.3,0.0,2.0,1929.56,46.8,-0.3,1000.0,105.0,1.0,24.0,46.8,11.0,2.2,0.0,16.0,0.0,0.0,0.0,0.0,26.0
925000.0,11.1,0.0,12.0,3169.21,65.0,-1.1,1029.0,112.0,18.0,8.0,59.8,57.0,2.2,0.0,18.0,0.0,0.0,0.0,8.0,66.0
4000000.0,9.6,0.0,4.0,2665.96,53.9,-4.9,1012.0,114.3,7.0,5.0,80.1,51.0,3.5,0.0,9.0,0.0,0.0,0.0,2.0,92.0
3876134.0,7.7,0.0,0.0,2924.7,54.1,-8.9,1016.0,112.7,-3.0,19.0,47.2,26.0,1.2,0.0,7.0,0.0,0.0,0.0,0.0,19.0
3475000.0,7.5,0.0,0.0,2929.36,46.4,7.1,1000.0,107.5,7.0,17.0,49.0,24.0,1.2,0.0,8.0,0.0,0.0,0.0,1.0,2.0
2900000.0,5.4,0.0,0.0,2178.96,41.0,2.8,980.0,92.1,-5.0,2.0,24.6,2.0,1.3,0.0,6.0,0.0,0.0,0.0,0.0,7.0
2900000.0,8.2,0.0,0.0,3327.6,54.4,-2.9,1015.0,117.2,14.0,21.0,67.1,42.0,1.9,0.0,15.0,0.0,0.0,0.0,0.0,18.0
1400000.0,11.6,0.0,4.0,2854.48,67.3,12.5,1039.0,114.8,27.0,17.0,62.7,22.0,4.2,0.0,5.0,0.0,0.0,0.0,3.0,61.0
650000.0,7.7,0.0,0.0,113.13,40.0,-0.5,977.0,133.5,-1.0,0.0,3.4,1.0,0.0,0.0,0.0,0.0,0.0,0.0,0.0,1.0
2300000.0,6.0,1.0,0.0,2312.6,45.9,1.2,983.0,110.6,-3.0,7.0,18.4,14.0,0.6,0.0,5.0,0.0,0.0,0.0,0.0,7.0
4200000.0,6.7,0.0,1.0,2698.33,39.5,2.0,986.0,108.9,1.0,32.0,74.4,16.0,3.7,0.0,15.0,0.0,0.0,0.0,1.0,40.0
5760000.0,9.9,0.0,8.0,2857.99,61.4,9.6,1019.0,125.7,19.0,20.0,94.8,52.0,6.4,0.0,11.0,0.0,0.0,0.0,6.0,78.0
5000000.0,6.6,0.0,5.0,3160.22,45.3,-8.4,974.0,110.2,-30.0,20.0,47.3,24.0,0.5,0.0,14.0,0.0,0.0,0.0,1.0,39.0
9000000.0,9.2,1.0,2.0,3011.68,55.9,-6.5,1019.0,118.7,5.0,13.0,79.8,24.0,3.5,0.0,7.0,0.0,0.0,0.0,3.0,100.0
6250000.0,9.5,3.0,2.0,3334.82,54.5,10.1,998.0,114.6,2.0,2.0,38.9,22.0,1.0,0.0,9.0,0.0,0.0,0.0,3.0,60.0
575000.0,5.8,0.0,0.0,1385.89,47.6,3.2,996.0,112.5,-1.0,12.0,11.4,3.0,0.7,0.0,4.0,0.0,0.0,0.0,0.0,5.0
575000.0,0.0,0.0,0.0,42.63,0.0,0.1,1000.0,126.0,0.0,0.0,0.4,1.0,0.0,0.0,0.0,0.0,0.0,0.0,0.0,0.0
4450000.0,9.6,1.0,2.0,3328.43,54.7,-8.5,1010.0,107.2,-9.0,28.0,53.8,33.0,1.3,0.0,17.0,0.0,0.0,0.0,4.0,18.0
5500000.0,9.8,2.0,0.0,3173.69,59.0,2.7,1012.0,109.2,-4.0,20.0,57.3,44.0,1.3,1.0,27.0,0.0,0.0,0.0,0.0,9.0
2750000.0,10.6,0.0,2.0,2805.96,58.7,-2.4,1016.0,118.2,2.0,17.0,81.9,40.0,3.6,0.0,9.0,0.0,0.0,0.0,3.0,16.0
3600000.0,6.9,0.0,0.0,2667.05,36.3,-8.5,979.0,105.3,-8.0,7.0,58.5,8.0,2.3,0.0,3.0,0.0,0.0,0.0,0.0,38.0
667500.0,12.8,0.0,0.0,434.58,66.7,-0.6,1077.0,112.7,3.0,2.0,6.0,0.0,0.2,0.0,2.0,0.0,0.0,0.0,0.0,1.0
700000.0,8.4,1.0,0.0,1940.11,45.5,-5.4,1017.0,101.2,-3.0,6.0,19.8,7.0,0.5,0.0,3.0,0.0,0.0,0.0,0.0,5.0
900000.0,6.3,0.0,0.0,2087.23,40.0,-7.2,1007.0,93.8,-3.0,6.0,12.8,2.0,0.2,0.0,16.0,0.0,0.0,0.0,0.0,0.0
800000.0,6.9,0.0,3.0,3169.6,60.0,5.2,1007.0,108.8,7.0,18.0,35.6,14.0,3.1,0.0,9.0,0.0,0.0,0.0,1.0,46.0
768150.0,6.9,0.0,0.0,417.47,40.0,0.8,996.0,92.1,-1.0,2.0,3.2,2.0,0.1,0.0,2.0,0.0,0.0,0.0,0.0,0.0
2600000.0,10.2,2.0,1.0,3333.99,59.8,15.6,1011.0,111.1,13.0,13.0,46.9,30.0,1.7,0.0,19.0,0.0,0.0,0.0,5.0,11.0
6000000.0,8.8,1.0,0.0,3253.56,61.5,9.1,1013.0,118.2,3.0,8.0,56.8,38.0,1.6,0.0,21.0,0.0,0.0,0.0,7.0,14.0
2800000.0,9.7,0.0,0.0,3045.6,52.1,-5.4,1029.0,105.8,23.0,14.0,82.7,17.0,4.8,0.0,6.0,0.0,0.0,0.0,1.0,25.0
1000000.0,10.1,0.0,2.0,2706.97,53.2,6.6,1020.0,115.2,25.0,16.0,68.9,10.0,4.5,0.0,7.0,0.0,0.0,0.0,1.0,35.0
925000.0,5.4,0.0,0.0,1403.68,48.1,4.9,972.0,114.6,1.0,5.0,15.9,24.0,0.6,0.0,5.0,0.0,0.0,0.0,1.0,6.0
918750.0,7.2,0.0,2.0,1599.08,41.1,-1.4,970.0,115.9,-4.0,11.0,32.3,13.0,0.9,0.0,7.0,0.0,0.0,0.0,1.0,11.0
6000000.0,8.7,1.0,2.0,2570.19,51.1,-2.6,997.0,103.3,-20.0,20.0,65.2,21.0,2.4,0.0,13.0,0.0,0.0,0.0,1.0,41.0
650000.0,5.3,0.0,0.0,1690.22,45.5,1.5,993.0,107.2,-1.0,8.0,14.4,8.0,0.4,0.0,7.0,0.0,0.0,0.0,0.0,4.0
650000.0,4.6,0.0,0.0,1936.17,22.6,-2.0,966.0,110.5,-5.0,7.0,26.2,10.0,0.3,0.0,3.0,0.0,0.0,0.0,0.0,2.0
832500.0,7.9,0.0,0.0,2412.25,50.0,-2.3,1003.0,114.2,-7.0,7.0,30.3,30.0,0.6,0.0,9.0,0.0,0.0,0.0,2.0,3.0
6500000.0,8.8,0.0,3.0,3077.19,58.0,6.6,1018.0,113.0,14.0,9.0,79.2,38.0,4.6,0.0,5.0,0.0,0.0,0.0,0.0,51.0
575000.0,0.0,0.0,0.0,76.18,0.0,0.6,889.0,112.8,-1.0,0.0,0.8,0.0,0.0,0.0,0.0,0.0,0.0,0.0,0.0,0.0
775000.0,0.0,0.0,0.0,39.87,0.0,0.2,1000.0,91.1,0.0,0.0,0.3,1.0,0.0,0.0,0.0,0.0,0.0,0.0,0.0,0.0
692500.0,6.3,0.0,0.0,688.76,40.0,-0.4,971.0,98.5,2.0,1.0,10.9,0.0,0.9,0.0,0.0,0.0,0.0,0.0,0.0,4.0
692500.0,0.0,0.0,0.0,43.52,0.0,0.4,750.0,109.3,-2.0,0.0,0.7,1.0,-0.1,0.0,0.0,0.0,0.0,0.0,0.0,0.0
1500000.0,3.1,0.0,0.0,2154.43,27.3,1.7,948.0,108.0,-11.0,14.0,15.4,11.0,0.0,0.0,8.0,0.0,0.0,0.0,0.0,6.0
600000.0,5.3,0.0,0.0,305.04,50.0,-0.9,976.0,113.6,-2.0,0.0,2.2,2.0,0.0,0.0,0.0,0.0,0.0,0.0,0.0,0.0
5000000.0,10.4,0.0,1.0,3277.64,63.2,8.5,1027.0,114.8,15.0,19.0,60.6,44.0,2.4,0.0,15.0,0.0,0.0,0.0,4.0,10.0
1250000.0,9.0,0.0,0.0,2838.63,43.9,-9.3,1002.0,112.5,-7.0,13.0,77.5,29.0,3.4,0.0,10.0,0.0,0.0,0.0,1.0,14.0
600000.0,0.0,0.0,0.0,36.46,0.0,0.1,500.0,88.7,-1.0,0.0,0.2,0.0,0.0,0.0,0.0,0.0,0.0,0.0,0.0,0.0
600000.0,20.0,0.0,0.0,38.53,50.0,-0.6,1133.0,106.1,0.0,0.0,1.1,0.0,0.0,0.0,0.0,0.0,0.0,0.0,0.0,1.0
832500.0,9.2,0.0,0.0,2327.74,59.0,10.9,1001.0,102.2,10.0,9.0,31.3,26.0,1.7,0.0,15.0,0.0,0.0,0.0,5.0,16.0
4083300.0,9.0,0.0,0.0,2038.75,55.4,7.6,1026.0,118.9,17.0,6.0,52.1,11.0,2.6,0.0,6.0,0.0,0.0,0.0,0.0,30.0
692500.0,2.5,0.0,0.0,360.63,33.3,0.8,958.0,96.2,-1.0,1.0,2.1,2.0,0.1,0.0,1.0,0.0,0.0,0.0,0.0,0.0
850000.0,9.6,0.0,0.0,2238.16,43.8,-3.3,1011.0,106.5,2.0,13.0,45.5,13.0,1.5,0.0,5.0,0.0,0.0,0.0,0.0,20.0
800000.0,6.8,0.0,0.0,1260.09,35.4,-5.7,963.0,109.9,-11.0,10.0,25.7,5.0,0.5,0.0,3.0,0.0,0.0,0.0,1.0,16.0
2750000.0,11.7,1.0,2.0,3437.63,53.8,-10.3,1032.0,113.3,17.0,8.0,68.2,49.0,1.9,0.0,10.0,0.0,0.0,0.0,6.0,17.0
725000.0,9.6,0.0,0.0,1293.06,52.0,-2.3,1012.0,99.3,0.0,3.0,11.3,3.0,0.3,1.0,4.0,0.0,0.0,0.0,0.0,2.0
867500.0,7.7,0.0,0.0,3398.94,51.7,1.7,995.0,114.3,-4.0,7.0,45.8,26.0,1.0,0.0,13.0,0.0,0.0,0.0,2.0,4.0
6000000.0,9.4,0.0,1.0,2283.22,46.6,-9.0,1012.0,116.6,8.0,8.0,64.1,10.0,2.7,0.0,6.0,0.0,0.0,0.0,1.0,22.0
3900000.0,8.5,1.0,2.0,2660.06,55.8,6.8,987.0,116.0,6.0,10.0,37.2,19.0,1.8,0.0,6.0,0.0,0.0,0.0,1.0,20.0
900000.0,8.5,0.0,1.0,3182.09,41.7,-2.5,1002.0,98.5,-1.0,20.0,38.7,16.0,0.9,0.0,10.0,0.0,0.0,0.0,1.0,3.0
625000.0,6.8,0.0,0.0,343.73,60.0,-0.6,1021.0,98.0,0.0,1.0,3.9,3.0,0.1,0.0,0.0,0.0,0.0,0.0,0.0,1.0
645000.0,6.3,0.0,0.0,2076.9,48.8,7.7,983.0,108.0,-1.0,9.0,23.0,23.0,0.7,0.0,10.0,0.0,0.0,0.0,3.0,7.0
832500.0,8.4,1.0,2.0,3209.85,56.5,5.8,992.0,107.9,-6.0,8.0,44.5,51.0,1.5,0.0,10.0,0.0,0.0,0.0,2.0,29.0
925000.0,3.1,0.0,0.0,358.38,20.0,-0.1,926.0,98.8,-2.0,0.0,4.1,2.0,0.0,0.0,2.0,0.0,0.0,0.0,0.0,1.0
4250000.0,12.1,0.0,2.0,3177.54,71.6,10.0,1049.0,106.7,25.0,5.0,47.4,40.0,2.4,0.0,16.0,0.0,0.0,0.0,1.0,14.0
6500000.0,9.9,2.0,3.0,3365.95,59.1,0.8,1014.0,113.2,-1.0,10.0,58.4,50.0,1.7,0.0,8.0,0.0,0.0,0.0,1.0,9.0
4900000.0,8.3,0.0,0.0,2431.07,49.5,2.6,1008.0,113.0,13.0,12.0,62.4,11.0,4.2,0.0,8.0,0.0,0.0,0.0,0.0,22.0
925000.0,9.8,0.0,0.0,3117.42,61.7,5.4,1015.0,115.9,-11.0,4.0,46.2,25.0,1.3,0.0,12.0,0.0,0.0,0.0,5.0,1.0
1100000.0,8.6,0.0,0.0,1560.56,50.0,-4.1,1005.0,103.3,-1.0,8.0,20.6,7.0,0.6,0.0,4.0,0.0,0.0,0.0,0.0,1.0
3500000.0,9.8,0.0,5.0,3204.26,61.6,5.5,1013.0,118.5,9.0,23.0,49.5,22.0,1.6,1.0,13.0,0.0,0.0,0.0,1.0,15.0
5000000.0,7.0,0.0,2.0,2604.83,42.9,-9.3,972.0,108.1,-34.0,9.0,63.8,22.0,1.6,0.0,6.0,0.0,0.0,0.0,4.0,68.0
5000000.0,10.4,1.0,0.0,3290.62,58.7,3.8,1014.0,123.3,-7.0,35.0,54.4,58.0,1.0,0.0,25.0,1.0,0.0,0.0,2.0,3.0
925000.0,9.5,0.0,0.0,492.49,66.7,2.6,1047.0,96.7,3.0,2.0,3.6,5.0,0.3,0.0,0.0,0.0,0.0,0.0,0.0,1.0
5375000.0,9.4,1.0,1.0,3009.29,43.4,-20.4,994.0,114.9,-9.0,14.0,106.8,15.0,3.6,0.0,9.0,0.0,0.0,0.0,3.0,24.0
630000.0,0.0,0.0,0.0,38.8,0.0,0.5,1000.0,156.6,0.0,0.0,0.1,0.0,0.0,0.0,0.0,0.0,0.0,0.0,0.0,0.0
650000.0,7.3,0.0,0.0,3007.47,46.8,4.1,998.0,104.8,8.0,16.0,75.8,9.0,5.5,0.0,14.0,1.0,0.0,0.0,3.0,32.0
575000.0,0.0,0.0,0.0,265.35,0.0,-0.5,885.0,111.8,-3.0,0.0,3.1,3.0,-0.1,0.0,0.0,0.0,0.0,0.0,0.0,1.0
832500.0,4.8,0.0,0.0,424.64,66.7,0.9,1013.0,94.2,1.0,1.0,2.7,1.0,0.1,0.0,0.0,0.0,0.0,0.0,0.0,1.0
9000000.0,9.6,0.0,4.0,3274.26,60.2,3.0,994.0,122.3,-15.0,18.0,55.2,38.0,1.4,1.0,23.0,0.0,0.0,0.0,2.0,38.0
692500.0,0.0,0.0,0.0,286.56,0.0,-1.9,925.0,113.7,-3.0,2.0,3.5,1.0,-0.1,0.0,0.0,0.0,0.0,0.0,0.0,3.0
575000.0,11.1,0.0,0.0,130.21,66.7,-0.2,1058.0,111.5,1.0,1.0,1.8,3.0,0.1,0.0,0.0,0.0,0.0,0.0,0.0,0.0
1900000.0,4.5,0.0,0.0,2663.43,31.8,-11.9,970.0,102.7,-12.0,15.0,32.9,29.0,0.6,0.0,4.0,0.0,0.0,0.0,4.0,4.0
3800000.0,11.3,1.0,5.0,2717.89,62.2,4.1,1028.0,109.4,10.0,6.0,40.4,23.0,1.9,0.0,5.0,0.0,0.0,0.0,4.0,24.0
667500.0,10.3,0.0,0.0,1981.35,54.5,0.8,1032.0,115.5,15.0,4.0,32.9,14.0,1.2,0.0,11.0,0.0,0.0,0.0,0.0,4.0
3750000.0,8.5,1.0,2.0,2724.14,42.5,2.0,985.0,111.1,-2.0,10.0,57.9,28.0,2.0,0.0,8.0,0.0,0.0,0.0,2.0,38.0
655000.0,9.1,0.0,0.0,229.48,44.4,-0.4,969.0,97.2,-1.0,0.0,3.8,2.0,0.2,0.0,1.0,0.0,0.0,0.0,0.0,0.0
3700000.0,8.1,0.0,2.0,3449.03,46.3,2.4,985.0,104.2,-7.0,16.0,51.8,43.0,1.3,0.0,12.0,0.0,0.0,0.0,5.0,10.0
900000.0,6.1,1.0,0.0,1674.95,39.3,0.1,950.0,107.6,-11.0,3.0,13.1,8.0,-0.1,0.0,5.0,0.0,0.0,0.0,0.0,1.0
1300000.0,7.4,0.0,0.0,1456.59,43.5,0.1,983.0,107.2,-2.0,5.0,27.4,7.0,1.1,0.0,0.0,0.0,0.0,0.0,0.0,21.0
4250000.0,7.5,3.0,1.0,3319.57,44.1,-16.1,989.0,104.9,-20.0,6.0,70.8,32.0,1.2,0.0,21.0,0.0,0.0,1.0,5.0,7.0
1250000.0,4.2,0.0,1.0,2968.33,47.1,2.5,977.0,101.5,-2.0,11.0,25.2,17.0,1.1,0.0,9.0,0.0,0.0,0.0,2.0,13.0
750000.0,5.7,0.0,0.0,1667.13,33.3,-8.2,971.0,109.6,-12.0,15.0,29.4,10.0,0.5,0.0,2.0,0.0,0.0,0.0,0.0,12.0
6750000.0,9.7,0.0,1.0,2779.74,59.8,9.9,1006.0,112.2,-7.0,2.0,50.6,44.0,1.3,2.0,31.0,0.0,0.0,0.0,7.0,19.0
5500000.0,9.4,2.0,0.0,2722.23,62.7,5.3,1022.0,110.7,4.0,19.0,34.2,28.0,1.3,1.0,20.0,1.0,1.0,0.0,3.0,7.0
925000.0,0.0,0.0,0.0,43.75,0.0,-0.1,1000.0,78.3,0.0,0.0,0.1,0.0,0.0,0.0,0.0,0.0,0.0,0.0,0.0,0.0
5500000.0,7.1,1.0,2.0,2933.83,39.0,1.2,955.0,108.1,-25.0,21.0,54.0,65.0,0.8,1.0,17.0,0.0,0.0,0.0,2.0,11.0
925000.0,4.2,0.0,0.0,151.61,20.0,0.0,899.0,129.5,-3.0,1.0,2.2,3.0,-0.1,0.0,2.0,0.0,0.0,0.0,0.0,0.0
575000.0,16.7,0.0,0.0,518.77,50.0,-1.5,1076.0,82.6,0.0,4.0,2.3,0.0,0.0,0.0,1.0,1.0,0.0,0.0,0.0,0.0
800000.0,7.3,0.0,0.0,3341.73,45.7,4.2,978.0,101.9,-6.0,13.0,42.4,32.0,1.1,0.0,8.0,1.0,0.0,0.0,1.0,13.0
3500000.0,8.8,1.0,0.0,1970.03,42.5,-5.8,1005.0,99.1,3.0,7.0,50.7,15.0,3.1,0.0,6.0,0.0,0.0,0.0,1.0,9.0
832500.0,8.5,0.0,0.0,1383.44,49.1,-2.4,984.0,113.2,-6.0,14.0,26.1,4.0,0.9,0.0,4.0,0.0,0.0,0.0,1.0,11.0
742500.0,6.3,0.0,0.0,171.26,20.0,-1.6,903.0,100.4,-3.0,1.0,3.0,0.0,-0.1,0.0,0.0,0.0,0.0,0.0,0.0,0.0
1250000.0,3.7,0.0,0.0,535.45,28.6,-0.8,960.0,109.8,-4.0,2.0,4.8,3.0,0.0,0.0,2.0,0.0,0.0,0.0,0.0,0.0
900000.0,6.8,0.0,0.0,1559.37,45.0,-4.4,996.0,106.3,-4.0,6.0,27.5,6.0,1.0,0.0,5.0,0.0,0.0,0.0,0.0,14.0
5750000.0,9.7,0.0,0.0,2105.64,42.1,4.3,987.0,104.0,-7.0,21.0,63.6,8.0,1.3,0.0,10.0,0.0,0.0,0.0,0.0,24.0
742500.0,0.0,0.0,0.0,83.24,0.0,-0.6,909.0,95.4,-1.0,1.0,0.6,0.0,0.0,0.0,0.0,0.0,0.0,0.0,0.0,0.0
5000000.0,10.8,1.0,1.0,3329.66,60.8,1.9,1019.0,122.4,-2.0,16.0,53.0,37.0,1.2,0.0,14.0,0.0,0.0,0.0,4.0,9.0
575000.0,0.0,0.0,0.0,47.05,0.0,-0.2,1000.0,106.1,0.0,1.0,0.4,0.0,0.0,0.0,0.0,0.0,0.0,0.0,0.0,0.0
700000.0,7.8,0.0,1.0,3363.45,42.7,1.1,990.0,109.5,0.0,3.0,58.3,40.0,1.5,0.0,18.0,0.0,0.0,0.0,3.0,7.0
6000000.0,7.3,1.0,1.0,3111.05,40.3,-1.2,958.0,109.0,-34.0,6.0,57.1,60.0,0.5,0.0,14.0,0.0,0.0,0.0,2.0,8.0
2000000.0,6.9,1.0,1.0,3292.21,42.9,-14.8,993.0,117.6,-8.0,3.0,82.8,34.0,1.3,0.0,12.0,0.0,0.0,0.0,4.0,11.0
725000.0,7.8,0.0,0.0,615.06,66.7,-0.1,1036.0,93.6,2.0,1.0,4.7,4.0,0.2,0.0,1.0,0.0,0.0,0.0,0.0,2.0
725000.0,8.7,0.0,0.0,507.86,50.0,-0.6,1043.0,99.2,0.0,2.0,3.0,0.0,0.1,0.0,3.0,0.0,0.0,0.0,0.0,0.0
2000000.0,8.2,0.0,1.0,2839.4,57.7,-5.4,1010.0,113.5,-8.0,15.0,40.4,33.0,0.6,0.0,5.0,0.0,0.0,0.0,3.0,9.0
900000.0,7.5,1.0,0.0,3257.46,41.1,4.4,986.0,124.3,2.0,15.0,83.8,42.0,1.4,0.0,23.0,0.0,0.0,0.0,0.0,3.0
590000.0,25.0,0.0,1.0,41.78,100.0,-0.2,1250.0,113.0,1.0,1.0,0.2,0.0,0.0,0.0,0.0,0.0,0.0,0.0,0.0,1.0
5000000.0,5.7,0.0,0.0,1940.45,37.9,-2.5,931.0,117.2,-22.0,13.0,31.6,16.0,-0.2,1.0,8.0,0.0,0.0,0.0,2.0,17.0
950000.0,1.4,0.0,0.0,1240.42,12.5,0.2,909.0,106.6,-12.0,2.0,10.2,3.0,-0.2,0.0,1.0,0.0,0.0,0.0,1.0,2.0
7500000.0,7.6,1.0,3.0,3106.22,52.3,-7.4,998.0,113.6,-6.0,17.0,80.5,24.0,4.0,0.0,16.0,0.0,0.0,0.0,3.0,91.0
925000.0,12.4,0.0,0.0,3153.75,65.0,24.2,1032.0,116.8,27.0,13.0,69.7,76.0,3.0,0.0,51.0,0.0,0.0,1.0,5.0,7.0
2200000.0,7.8,0.0,0.0,2617.73,34.0,-2.7,970.0,97.2,-2.0,10.0,29.0,17.0,0.8,0.0,10.0,0.0,0.0,0.0,0.0,6.0
590000.0,10.5,1.0,0.0,2464.38,44.2,-0.2,1019.0,106.8,8.0,9.0,35.6,6.0,0.8,0.0,10.0,0.0,0.0,0.0,2.0,3.0
1700000.0,6.2,0.0,0.0,1330.31,60.0,-0.1,1038.0,100.9,4.0,2.0,14.9,6.0,0.5,0.0,3.0,0.0,0.0,0.0,0.0,0.0
925000.0,6.1,0.0,0.0,1613.06,63.2,-4.6,1031.0,108.3,5.0,2.0,20.4,19.0,0.7,0.0,2.0,0.0,0.0,0.0,0.0,7.0
1800000.0,11.7,0.0,2.0,3516.58,54.9,-5.6,1026.0,110.2,-2.0,6.0,57.2,24.0,1.1,0.0,6.0,0.0,0.0,0.0,3.0,20.0
5000000.0,9.1,0.0,2.0,2382.8,52.8,-5.9,1002.0,101.2,-9.0,8.0,41.7,24.0,1.2,0.0,10.0,0.0,0.0,0.0,5.0,30.0
600000.0,0.0,0.0,0.0,139.76,0.0,0.6,833.0,89.5,-1.0,0.0,0.7,0.0,0.0,0.0,0.0,0.0,0.0,0.0,0.0,0.0
4000000.0,11.0,0.0,1.0,389.99,64.7,1.7,1062.0,107.4,5.0,4.0,12.7,6.0,0.8,0.0,2.0,0.0,0.0,0.0,0.0,6.0
600000.0,8.2,0.0,1.0,972.21,51.7,1.9,1001.0,109.5,2.0,7.0,14.4,4.0,1.1,0.0,3.0,0.0,0.0,0.0,1.0,13.0
1600000.0,4.8,0.0,1.0,1847.91,48.7,9.2,977.0,110.5,1.0,12.0,24.5,10.0,2.2,0.0,7.0,0.0,0.0,0.0,0.0,25.0
925000.0,6.3,0.0,0.0,751.16,38.1,-1.7,948.0,102.6,-7.0,2.0,10.3,11.0,-0.1,0.0,2.0,0.0,0.0,0.0,0.0,0.0
8000000.0,9.6,1.0,3.0,3325.31,61.7,10.3,1017.0,112.3,19.0,8.0,56.6,51.0,2.2,1.0,5.0,0.0,0.0,0.0,4.0,17.0
8000000.0,9.7,2.0,2.0,2558.32,51.4,9.9,997.0,109.1,10.0,40.0,91.0,65.0,4.0,1.0,14.0,0.0,0.0,0.0,7.0,107.0
625000.0,7.0,0.0,0.0,271.29,57.1,1.9,982.0,107.4,0.0,1.0,3.3,1.0,0.1,0.0,1.0,0.0,0.0,0.0,0.0,2.0
925000.0,7.9,0.0,1.0,2460.43,52.9,-1.9,1013.0,111.5,3.0,5.0,30.1,10.0,1.3,0.0,0.0,0.0,0.0,0.0,0.0,17.0
4500000.0,9.6,2.0,1.0,3177.35,63.2,7.0,1015.0,112.3,15.0,13.0,53.2,70.0,2.0,0.0,21.0,0.0,0.0,0.0,3.0,17.0
4000000.0,9.4,0.0,1.0,1173.76,58.1,3.2,992.0,114.5,-2.0,4.0,21.6,15.0,0.7,0.0,5.0,0.0,0.0,0.0,2.0,17.0
812500.0,11.5,0.0,0.0,539.36,42.9,-0.9,986.0,107.8,-2.0,3.0,5.4,2.0,0.0,0.0,2.0,0.0,0.0,0.0,0.0,2.0
800000.0,5.2,1.0,1.0,2480.3,30.4,-3.2,962.0,109.5,-6.0,15.0,28.9,17.0,0.5,0.0,14.0,0.0,0.0,0.0,4.0,1.0
925000.0,5.3,0.0,0.0,108.58,100.0,0.3,1053.0,111.1,1.0,0.0,2.4,0.0,0.2,0.0,0.0,0.0,0.0,0.0,0.0,0.0
3000000.0,10.2,0.0,0.0,1698.01,45.2,4.1,989.0,110.1,2.0,7.0,32.6,21.0,1.0,0.0,16.0,0.0,0.0,0.0,2.0,13.0
2250000.0,10.4,0.0,0.0,676.25,40.0,-3.5,1003.0,113.4,-1.0,5.0,13.7,10.0,0.2,0.0,3.0,0.0,0.0,0.0,0.0,1.0
2500000.0,6.0,0.0,0.0,2635.51,30.8,-9.0,956.0,101.9,-21.0,17.0,25.9,10.0,0.0,0.0,11.0,0.0,0.0,0.0,0.0,1.0
2500000.0,9.6,2.0,4.0,1996.83,48.3,0.2,1004.0,111.6,4.0,16.0,71.2,35.0,2.5,0.0,13.0,0.0,0.0,0.0,2.0,63.0
4250000.0,9.4,0.0,0.0,1907.26,44.4,-12.6,1013.0,106.1,-2.0,19.0,50.1,9.0,2.2,0.0,10.0,0.0,0.0,0.0,0.0,12.0
635000.0,5.7,0.0,0.0,186.86,50.0,0.7,990.0,110.4,0.0,2.0,3.9,1.0,0.2,0.0,0.0,0.0,0.0,0.0,0.0,1.0
3350000.0,6.1,0.0,1.0,2229.79,42.9,-9.6,980.0,111.9,-19.0,11.0,33.7,21.0,0.1,0.0,11.0,0.0,0.0,0.0,2.0,14.0
2650000.0,7.2,0.0,2.0,2652.01,50.0,4.5,997.0,105.2,-5.0,17.0,48.8,14.0,2.7,0.0,3.0,0.0,0.0,0.0,3.0,35.0
640000.0,5.7,0.0,2.0,1938.39,48.5,-3.4,987.0,104.0,-5.0,4.0,21.4,17.0,0.5,0.0,14.0,0.0,0.0,0.0,1.0,18.0
600000.0,7.1,0.0,0.0,1088.91,45.2,-5.0,985.0,100.3,-8.0,3.0,17.5,5.0,0.3,0.0,2.0,0.0,0.0,0.0,2.0,24.0
4500000.0,7.5,0.0,0.0,3066.05,42.9,-0.1,977.0,118.5,-7.0,9.0,75.2,19.0,2.2,0.0,7.0,0.0,0.0,0.0,0.0,30.0
2000000.0,7.0,0.0,0.0,2539.7,28.7,-9.3,953.0,101.2,-25.0,19.0,60.6,15.0,1.3,0.0,5.0,0.0,0.0,0.0,0.0,19.0
1250000.0,11.8,0.0,0.0,1110.04,45.2,-1.0,998.0,99.0,-1.0,12.0,19.8,3.0,0.8,0.0,1.0,1.0,0.0,0.0,0.0,5.0
600000.0,0.0,0.0,0.0,167.27,0.0,0.1,1000.0,75.6,0.0,0.0,0.7,1.0,0.0,0.0,0.0,0.0,0.0,0.0,0.0,1.0
742500.0,0.0,0.0,0.0,41.45,0.0,0.2,800.0,97.0,-1.0,0.0,0.5,0.0,0.0,0.0,0.0,0.0,0.0,0.0,0.0,0.0
575000.0,11.1,0.0,0.0,398.32,45.5,0.9,993.0,106.8,0.0,5.0,4.4,0.0,0.2,0.0,0.0,0.0,0.0,0.0,0.0,0.0
2000000.0,7.9,0.0,0.0,2272.45,40.0,1.5,999.0,109.5,2.0,7.0,32.5,24.0,0.5,0.0,2.0,0.0,0.0,0.0,2.0,3.0
6000000.0,7.8,0.0,0.0,3458.67,47.6,-0.2,989.0,118.0,-10.0,12.0,77.1,48.0,1.2,0.0,11.0,0.0,0.0,0.0,2.0,5.0
925000.0,9.4,0.0,0.0,527.3,56.3,1.8,1002.0,114.9,-1.0,1.0,5.6,3.0,0.2,0.0,0.0,0.0,0.0,0.0,0.0,1.0
9250000.0,11.2,1.0,4.0,2828.09,57.8,3.7,1019.0,113.6,7.0,17.0,64.4,61.0,2.1,0.0,12.0,0.0,0.0,0.0,1.0,31.0
875000.0,10.3,1.0,0.0,3330.52,62.6,0.8,1034.0,111.8,14.0,18.0,47.3,30.0,1.7,0.0,10.0,1.0,0.0,0.0,7.0,3.0
9500000.0,13.3,0.0,3.0,692.83,67.6,1.5,1039.0,114.2,3.0,7.0,11.9,15.0,0.5,0.0,3.0,0.0,0.0,0.0,2.0,22.0
3750000.0,7.9,0.0,2.0,1980.27,35.7,-3.3,969.0,117.0,-4.0,9.0,49.9,14.0,1.4,0.0,5.0,0.0,0.0,0.0,1.0,20.0
832500.0,7.1,0.0,0.0,1328.96,45.0,-3.4,993.0,98.5,-4.0,8.0,10.2,7.0,0.2,0.0,6.0,0.0,0.0,0.0,1.0,0.0
6000000.0,9.1,0.0,1.0,2646.43,44.7,-1.9,1001.0,109.7,9.0,17.0,68.6,22.0,3.1,0.0,11.0,0.0,0.0,0.0,0.0,11.0
7500000.0,10.7,0.0,0.0,3148.71,63.0,13.1,1024.0,102.1,15.0,11.0,52.4,38.0,2.7,0.0,15.0,0.0,0.0,0.0,3.0,19.0
1000000.0,9.9,0.0,0.0,2952.67,42.2,-2.9,1009.0,98.7,2.0,11.0,37.5,33.0,1.0,0.0,8.0,0.0,0.0,0.0,0.0,4.0
925000.0,6.4,0.0,0.0,261.76,75.0,2.5,1027.0,109.8,2.0,1.0,2.3,2.0,0.2,0.0,1.0,0.0,0.0,0.0,0.0,2.0
925000.0,7.0,0.0,0.0,579.44,50.0,-5.5,1025.0,121.8,0.0,0.0,9.3,3.0,0.2,0.0,1.0,0.0,0.0,0.0,0.0,0.0
650000.0,9.3,0.0,0.0,1484.42,60.0,-3.0,1043.0,108.6,5.0,0.0,14.7,11.0,0.5,0.0,4.0,0.0,0.0,0.0,3.0,1.0
600000.0,4.2,0.0,0.0,625.86,36.4,0.7,948.0,113.5,-3.0,1.0,6.3,5.0,0.0,0.0,2.0,0.0,0.0,0.0,0.0,4.0
874125.0,0.0,0.0,0.0,282.4,0.0,1.9,941.0,100.7,-1.0,0.0,1.1,1.0,0.0,0.0,1.0,0.0,0.0,0.0,0.0,1.0
4000000.0,7.1,0.0,0.0,205.64,33.3,-0.2,950.0,115.1,-2.0,1.0,2.9,3.0,0.0,0.0,0.0,0.0,0.0,0.0,0.0,0.0
850000.0,8.8,0.0,0.0,1944.57,52.5,2.5,1023.0,111.2,10.0,13.0,32.4,9.0,2.1,0.0,4.0,0.0,0.0,0.0,1.0,16.0
1000000.0,10.0,2.0,3.0,3132.45,61.2,4.4,1004.0,124.3,-2.0,12.0,52.5,30.0,1.2,0.0,19.0,0.0,0.0,0.0,6.0,16.0
650000.0,5.5,1.0,0.0,2088.63,41.3,1.8,983.0,107.0,-3.0,12.0,32.1,7.0,1.5,0.0,1.0,0.0,0.0,0.0,2.0,12.0
5000000.0,8.3,0.0,2.0,2925.71,58.7,10.2,984.0,115.3,-10.0,11.0,53.4,22.0,3.3,0.0,20.0,0.0,0.0,0.0,3.0,73.0
6000000.0,9.0,0.0,2.0,2756.89,48.6,-19.5,1000.0,113.0,-25.0,24.0,94.1,18.0,2.4,0.0,17.0,0.0,0.0,0.0,4.0,23.0
6500000.0,9.7,0.0,1.0,3177.42,50.3,-0.3,999.0,106.7,-8.0,14.0,72.1,43.0,1.9,0.0,10.0,0.0,0.0,0.0,1.0,12.0
850000.0,9.9,0.0,0.0,2600.3,71.7,5.1,1050.0,110.6,20.0,20.0,24.4,16.0,1.5,0.0,8.0,0.0,0.0,0.0,0.0,5.0
4000000.0,10.9,0.0,2.0,2685.86,56.5,-3.5,1024.0,109.1,-5.0,14.0,53.2,26.0,1.3,0.0,12.0,0.0,0.0,0.0,3.0,9.0
11000000.0,9.9,0.0,4.0,2809.55,55.4,-2.4,1018.0,117.7,-1.0,4.0,74.6,58.0,1.9,0.0,22.0,0.0,0.0,0.0,7.0,39.0
675000.0,7.5,0.0,0.0,309.0,60.0,0.9,1010.0,112.9,1.0,1.0,3.4,3.0,0.2,0.0,0.0,0.0,0.0,0.0,0.0,0.0
832500.0,50.0,0.0,0.0,39.7,100.0,0.1,1500.0,121.5,1.0,0.0,0.0,0.0,0.1,0.0,0.0,0.0,0.0,0.0,0.0,0.0
925000.0,9.1,0.0,0.0,35.93,50.0,-0.1,1000.0,112.6,0.0,0.0,0.9,0.0,0.1,0.0,0.0,0.0,0.0,0.0,0.0,0.0
925000.0,0.0,0.0,0.0,37.32,0.0,0.0,1000.0,100.1,0.0,0.0,0.2,1.0,0.0,0.0,0.0,0.0,0.0,0.0,0.0,0.0
2000000.0,9.4,0.0,1.0,3467.95,46.2,-7.5,1006.0,119.7,1.0,14.0,60.4,20.0,1.0,0.0,6.0,0.0,0.0,1.0,1.0,10.0
1100000.0,9.5,1.0,1.0,2477.39,57.1,-8.3,1000.0,112.1,-8.0,10.0,27.5,22.0,0.3,0.0,7.0,0.0,0.0,0.0,3.0,25.0
4500000.0,13.6,2.0,2.0,2779.79,71.4,1.7,1063.0,114.2,28.0,18.0,50.8,49.0,2.3,0.0,17.0,0.0,0.0,0.0,3.0,14.0
2125000.0,8.0,0.0,2.0,1757.26,44.9,-2.5,1003.0,108.0,0.0,4.0,32.9,10.0,0.6,0.0,4.0,0.0,0.0,0.0,0.0,6.0
2500000.0,9.0,0.0,0.0,2585.85,50.0,1.4,1014.0,113.3,9.0,15.0,45.6,36.0,1.1,1.0,11.0,0.0,0.0,0.0,2.0,2.0
2350000.0,7.3,0.0,1.0,3037.02,45.9,6.5,989.0,117.1,6.0,28.0,55.7,31.0,1.7,0.0,15.0,0.0,0.0,0.0,1.0,4.0
725000.0,0.0,0.0,0.0,78.92,0.0,-0.5,1000.0,114.6,0.0,2.0,0.6,0.0,0.0,0.0,0.0,0.0,0.0,0.0,0.0,0.0
650000.0,10.3,0.0,3.0,3429.2,69.2,14.8,1026.0,112.9,10.0,11.0,37.8,17.0,1.5,0.0,11.0,0.0,0.0,0.0,3.0,27.0
792500.0,0.0,0.0,0.0,79.73,0.0,-1.6,833.0,120.0,-3.0,0.0,2.3,1.0,-0.1,0.0,0.0,0.0,0.0,0.0,0.0,0.0
742500.0,6.7,0.0,0.0,197.85,50.0,0.2,1017.0,88.5,0.0,2.0,1.1,0.0,0.0,0.0,0.0,0.0,0.0,0.0,0.0,0.0
925000.0,7.4,0.0,0.0,1144.35,52.0,-1.8,994.0,107.2,-1.0,2.0,12.0,8.0,0.4,0.0,7.0,0.0,0.0,0.0,0.0,8.0
6000000.0,7.0,0.0,1.0,2414.76,39.9,-11.7,980.0,110.9,-20.0,18.0,83.3,17.0,2.7,0.0,6.0,0.0,0.0,0.0,0.0,32.0
7000000.0,8.0,0.0,1.0,3261.83,47.8,-13.0,979.0,103.3,-27.0,13.0,58.3,29.0,1.0,0.0,7.0,0.0,0.0,0.0,4.0,9.0
925000.0,5.3,0.0,0.0,167.32,20.0,0.8,842.0,100.2,-3.0,0.0,1.8,1.0,-0.1,0.0,0.0,0.0,0.0,0.0,0.0,0.0
925000.0,6.6,0.0,0.0,2457.92,50.0,3.4,979.0,108.2,-5.0,5.0,32.3,30.0,0.8,0.0,15.0,0.0,0.0,0.0,4.0,4.0
650000.0,5.0,0.0,0.0,210.62,100.0,0.7,1050.0,99.8,1.0,0.0,0.7,1.0,0.1,0.0,0.0,0.0,0.0,0.0,0.0,1.0
600000.0,6.7,0.0,0.0,621.12,47.4,-2.9,1004.0,105.1,0.0,4.0,14.8,4.0,0.5,0.0,0.0,0.0,0.0,0.0,1.0,7.0
767500.0,7.7,0.0,2.0,1475.38,55.6,-4.5,1021.0,104.1,3.0,2.0,25.0,5.0,1.3,0.0,3.0,0.0,0.0,0.0,0.0,34.0
650000.0,7.3,0.0,0.0,930.01,57.7,7.2,989.0,113.4,5.0,5.0,11.1,14.0,0.6,0.0,2.0,0.0,0.0,0.0,0.0,5.0
10000000.0,9.5,1.0,2.0,3120.28,61.2,5.5,1016.0,112.5,2.0,33.0,50.1,32.0,1.8,0.0,23.0,0.0,0.0,0.0,5.0,36.0
600000.0,0.0,0.0,0.0,47.98,0.0,0.3,1000.0,75.0,0.0,0.0,0.2,0.0,0.0,0.0,0.0,0.0,0.0,0.0,0.0,0.0
800000.0,8.2,0.0,0.0,2551.21,46.8,2.2,993.0,109.5,0.0,7.0,71.5,25.0,1.8,0.0,7.0,0.0,0.0,0.0,1.0,14.0
575000.0,10.0,1.0,2.0,2690.94,48.2,-6.6,998.0,107.0,-7.0,8.0,35.9,17.0,0.8,0.0,12.0,0.0,0.0,0.0,2.0,9.0
925000.0,8.2,0.0,3.0,3144.8,50.4,-2.8,986.0,110.6,-19.0,13.0,59.6,42.0,2.0,0.0,4.0,0.0,0.0,0.0,0.0,47.0
832500.0,10.7,0.0,0.0,2376.76,53.4,-9.6,1016.0,114.3,-9.0,15.0,47.3,27.0,0.8,0.0,8.0,0.0,0.0,0.0,3.0,11.0
1000000.0,9.6,1.0,2.0,3068.01,40.0,3.3,985.0,111.6,4.0,14.0,58.3,20.0,0.9,1.0,10.0,0.0,0.0,0.0,0.0,4.0
8000000.0,7.7,0.0,0.0,2639.81,47.3,-6.9,993.0,106.4,-9.0,4.0,53.9,37.0,1.2,0.0,10.0,0.0,0.0,0.0,3.0,7.0
632500.0,10.6,0.0,0.0,858.75,56.0,-1.2,1030.0,105.3,3.0,4.0,12.4,4.0,0.8,0.0,1.0,0.0,0.0,0.0,0.0,2.0
600000.0,5.2,0.0,0.0,588.65,25.0,-3.6,954.0,99.6,-3.0,2.0,6.7,4.0,0.1,0.0,1.0,0.0,0.0,0.0,1.0,1.0
5500000.0,9.0,0.0,2.0,3133.83,60.1,14.8,1008.0,113.6,12.0,32.0,61.1,17.0,4.7,0.0,5.0,0.0,0.0,0.0,5.0,45.0
832500.0,8.2,1.0,2.0,3076.2,60.3,7.1,1017.0,110.8,13.0,20.0,35.6,36.0,1.4,0.0,22.0,0.0,0.0,0.0,3.0,14.0
7000000.0,9.3,0.0,1.0,2454.71,57.0,-1.5,1009.0,118.0,-3.0,10.0,35.9,27.0,1.0,0.0,17.0,0.0,0.0,0.0,0.0,5.0
