,Salary,Post,PSG,Match,Game,iPEND,G.Wrap,DPS,iTKA.1,xGA,Min,+/-,Pace,PDO,E+/-,Pct%,OTOI,G.Slap,CBar ,SH%,Unnamed: 0
0,925000.0,0.0,0.0,0.0,0.0,0.0,0.0,-0.2,0.0,0.9,0.0,-2.0,175.7,750.0,0.0,0.0,40.03,0.0,0.0,0.0,0.0
1,2250000.0,1.0,0.0,0.0,0.0,5.0,0.0,3.4,22.0,88.8,10.0,-11.0,112.5,989.0,-10.4,39.7,2850.59,1.0,0.0,7.4,1.0
2,8000000.0,2.0,0.0,0.0,0.0,8.0,0.0,1.3,26.0,46.4,12.0,-7.0,114.8,1031.0,-1.4,64.0,2486.75,0.0,0.0,9.7,2.0
3,3500000.0,0.0,0.0,0.0,0.0,6.0,0.0,0.4,4.0,33.6,4.0,-14.0,105.1,959.0,-5.3,31.4,1074.41,0.0,0.0,6.2,3.0
4,1750000.0,2.0,0.0,0.0,1.0,29.0,0.0,1.4,36.0,47.5,33.0,9.0,99.5,995.0,4.1,43.1,3459.09,0.0,0.0,7.8,4.0
5,1500000.0,1.0,0.0,0.0,0.0,8.0,0.0,3.7,11.0,59.9,12.0,12.0,107.4,1033.0,0.7,60.2,3069.81,2.0,0.0,9.8,5.0
6,950000.0,0.0,0.0,0.0,0.0,0.0,0.0,0.1,2.0,0.5,0.0,1.0,89.8,1143.0,0.3,100.0,113.46,0.0,0.0,14.3,6.0
7,842500.0,0.0,0.0,0.0,0.0,6.0,0.0,0.2,12.0,17.2,2.0,-7.0,106.3,972.0,-4.1,32.0,1261.25,0.0,0.0,4.7,7.0
8,1250000.0,0.0,0.0,0.0,0.0,6.0,0.0,0.3,17.0,33.7,6.0,-19.0,101.0,964.0,-7.9,27.5,2250.18,0.0,0.0,4.0,8.0
9,925000.0,0.0,0.0,0.0,0.0,0.0,0.0,0.0,0.0,3.7,1.0,-3.0,101.9,952.0,-2.6,28.6,373.48,0.0,0.0,4.4,9.0
10,800000.0,0.0,0.0,0.0,0.0,7.0,0.0,0.1,9.0,21.2,6.0,-6.0,114.5,959.0,0.8,34.5,1937.88,0.0,1.0,4.8,10.0
11,600000.0,1.0,0.0,0.0,0.0,7.0,0.0,0.5,13.0,32.5,12.0,-12.0,107.6,971.0,-5.7,34.0,2903.93,2.0,0.0,4.7,11.0
12,1000000.0,0.0,0.0,0.0,0.0,7.0,0.0,0.1,11.0,32.1,12.0,-16.0,109.1,962.0,-9.0,35.0,2649.17,0.0,0.0,6.8,12.0
13,925000.0,0.0,0.0,0.0,0.0,16.0,0.0,0.8,43.0,46.3,30.0,-16.0,101.5,983.0,-0.6,43.0,3411.7,2.0,1.0,7.7,13.0
14,950000.0,2.0,0.0,0.0,0.0,7.0,0.0,0.9,40.0,54.1,9.0,-16.0,106.4,974.0,-6.5,38.9,3327.53,0.0,0.0,6.3,14.0
15,680000.0,0.0,0.0,0.0,0.0,0.0,0.0,0.4,4.0,12.1,6.0,-3.0,106.9,973.0,-0.4,36.8,771.85,0.0,0.0,5.2,15.0
16,590000.0,6.0,0.0,0.0,0.0,19.0,0.0,0.6,20.0,37.6,6.0,0.0,113.3,994.0,7.8,50.7,3086.34,1.0,1.0,7.8,16.0
17,650000.0,0.0,0.0,0.0,0.0,0.0,0.0,-0.1,1.0,3.0,2.0,-3.0,104.9,870.0,-1.4,0.0,212.16,0.0,0.0,0.0,17.0
18,2250000.0,0.0,0.0,0.0,1.0,4.0,0.0,3.2,16.0,75.4,20.0,10.0,117.8,1006.0,-2.3,44.4,2783.42,4.0,0.0,7.6,18.0
19,600000.0,0.0,0.0,0.0,0.0,1.0,0.0,0.5,0.0,5.3,0.0,2.0,99.5,1018.0,0.4,50.0,340.46,0.0,0.0,8.3,19.0
20,5000000.0,1.0,0.0,0.0,0.0,8.0,0.0,1.3,34.0,88.8,8.0,-20.0,122.4,982.0,2.6,41.7,2832.12,0.0,0.0,7.9,20.0
21,5250000.0,4.0,0.0,0.0,0.0,8.0,0.0,2.3,59.0,49.2,9.0,14.0,109.0,1016.0,8.7,61.3,3146.08,0.0,2.0,10.2,21.0
22,925000.0,5.0,0.0,0.0,0.0,6.0,0.0,1.1,59.0,50.4,16.0,-3.0,121.6,1019.0,7.2,62.7,3233.56,1.0,0.0,9.1,22.0
23,1600000.0,2.0,0.0,0.0,0.0,1.0,0.0,2.4,18.0,64.8,19.0,-10.0,108.0,982.0,-4.8,38.1,3033.39,0.0,0.0,6.5,23.0
24,717500.0,1.0,0.0,0.0,0.0,7.0,0.0,4.8,21.0,74.0,27.0,9.0,110.4,993.0,5.3,46.8,2942.85,3.0,0.0,8.5,24.0
25,925000.0,4.0,0.0,0.0,0.0,31.0,0.0,2.2,50.0,43.0,17.0,11.0,120.0,1018.0,14.8,67.6,2847.67,6.0,0.0,10.8,25.0
26,900000.0,0.0,0.0,0.0,0.0,2.0,0.0,-0.1,3.0,4.2,0.0,-5.0,118.0,888.0,-1.5,20.0,267.39,0.0,0.0,4.2,26.0
27,3750000.0,3.0,0.0,0.0,0.0,23.0,1.0,1.6,48.0,51.5,27.0,-2.0,101.3,1014.0,5.1,57.7,3419.13,0.0,0.0,10.3,27.0
28,792500.0,0.0,0.0,0.0,0.0,1.0,0.0,-0.1,1.0,4.3,1.0,-4.0,110.1,903.0,-1.7,22.2,456.16,0.0,0.0,5.9,28.0
29,600000.0,2.0,0.0,0.0,0.0,6.0,0.0,0.7,19.0,27.3,9.0,-6.0,109.9,986.0,0.7,43.8,2507.79,0.0,0.0,6.3,29.0
30,6000000.0,3.0,0.0,0.0,0.0,15.0,0.0,1.2,18.0,48.8,14.0,-13.0,124.9,1008.0,0.8,62.0,3088.97,3.0,1.0,9.7,30.0
31,5500000.0,5.0,0.0,0.0,0.0,9.0,0.0,2.8,52.0,69.3,15.0,-18.0,112.1,984.0,2.4,50.7,2672.51,2.0,1.0,7.4,31.0
32,724500.0,1.0,0.0,0.0,1.0,14.0,1.0,0.7,8.0,25.6,5.0,0.0,96.9,1015.0,-8.2,45.5,2497.64,0.0,2.0,7.5,32.0
33,725000.0,0.0,0.0,0.0,0.0,3.0,0.0,0.6,7.0,10.8,3.0,4.0,99.2,1023.0,-0.4,61.9,1368.03,1.0,0.0,8.0,33.0
34,4000000.0,0.0,0.0,0.0,0.0,16.0,0.0,3.9,18.0,50.8,29.0,8.0,113.0,993.0,5.1,48.6,2523.16,1.0,1.0,8.9,34.0
35,800000.0,0.0,0.0,0.0,0.0,0.0,0.0,0.1,1.0,4.1,0.0,0.0,105.3,926.0,-1.1,16.7,249.57,0.0,0.0,4.8,35.0
36,4250000.0,1.0,0.0,0.0,0.0,14.0,0.0,4.1,16.0,72.2,9.0,7.0,116.9,1007.0,4.5,55.2,2498.76,6.0,1.0,10.0,36.0
37,742500.0,2.0,0.0,0.0,0.0,4.0,0.0,6.7,80.0,82.5,6.0,23.0,105.9,1007.0,10.7,53.2,2885.99,2.0,0.0,9.5,37.0
38,750000.0,0.0,0.0,0.0,0.0,0.0,0.0,1.1,4.0,25.4,5.0,-1.0,112.7,976.0,0.1,43.8,1389.74,0.0,1.0,7.6,38.0
39,4500000.0,1.0,0.0,0.0,0.0,9.0,0.0,3.9,26.0,68.3,10.0,1.0,106.9,997.0,1.8,46.3,2678.66,0.0,0.0,8.8,39.0
40,3000000.0,1.0,0.0,0.0,0.0,6.0,0.0,5.0,28.0,81.3,24.0,21.0,112.9,1008.0,7.5,50.3,2946.39,1.0,0.0,9.8,40.0
41,630000.0,4.0,0.0,0.0,0.0,6.0,0.0,0.7,19.0,25.9,10.0,-15.0,105.7,957.0,5.4,50.0,2980.16,0.0,0.0,6.3,41.0
42,2200000.0,0.0,0.0,0.0,1.0,20.0,0.0,1.0,16.0,45.8,25.0,1.0,116.4,987.0,5.8,46.3,2493.8,0.0,1.0,9.8,42.0
43,650000.0,0.0,0.0,0.0,0.0,0.0,0.0,-0.1,0.0,1.9,0.0,-3.0,88.5,855.0,0.7,20.0,212.2,0.0,0.0,3.7,43.0
44,1300000.0,2.0,0.0,0.0,0.0,19.0,0.0,2.3,40.0,55.2,12.0,21.0,108.7,1027.0,11.3,56.6,3427.97,0.0,2.0,10.5,44.0
45,925000.0,0.0,0.0,0.0,0.0,16.0,0.0,1.9,44.0,54.2,8.0,9.0,108.0,1033.0,3.6,66.2,3239.72,1.0,1.0,10.4,45.0
46,700000.0,0.0,0.0,0.0,0.0,1.0,0.0,1.0,3.0,17.2,9.0,0.0,99.7,1016.0,-2.9,44.1,1249.62,0.0,0.0,9.8,46.0
47,1200000.0,0.0,0.0,0.0,0.0,7.0,0.0,1.0,7.0,25.3,8.0,3.0,122.0,1020.0,-0.2,47.6,899.19,1.0,0.0,10.0,47.0
48,925000.0,2.0,0.0,0.0,0.0,6.0,0.0,3.9,23.0,73.8,15.0,-7.0,107.3,976.0,-1.1,41.9,3080.32,1.0,2.0,7.1,48.0
49,925000.0,2.0,0.0,0.0,0.0,9.0,2.0,0.2,14.0,49.6,14.0,-20.0,114.9,943.0,-8.7,24.3,3016.84,0.0,0.0,5.0,49.0
50,6000000.0,3.0,0.0,0.0,0.0,19.0,1.0,1.8,55.0,56.4,14.0,-1.0,111.3,998.0,10.5,56.5,3022.37,0.0,0.0,8.9,50.0
51,950000.0,0.0,0.0,0.0,0.0,0.0,0.0,-0.1,2.0,6.4,1.0,-5.0,111.9,817.0,-1.1,7.7,549.24,0.0,0.0,2.8,51.0
52,2500000.0,0.0,0.0,0.0,0.0,11.0,0.0,1.6,54.0,56.3,8.0,-2.0,114.1,995.0,2.8,54.2,2944.0,0.0,0.0,9.6,52.0
53,1050000.0,0.0,0.0,0.0,0.0,6.0,0.0,1.1,24.0,39.6,9.0,5.0,109.3,1001.0,8.1,51.2,3062.33,1.0,0.0,8.2,53.0
54,792500.0,0.0,0.0,0.0,0.0,4.0,0.0,0.1,4.0,5.6,1.0,-2.0,108.1,956.0,5.3,37.5,767.24,0.0,0.0,3.4,54.0
55,600000.0,0.0,0.0,0.0,0.0,0.0,0.0,0.0,1.0,1.6,0.0,0.0,104.0,1017.0,0.1,50.0,123.46,0.0,0.0,10.0,55.0
56,4750000.0,2.0,0.0,0.0,0.0,12.0,0.0,0.4,30.0,40.8,11.0,-26.0,103.8,957.0,-13.1,33.0,3353.28,1.0,0.0,6.2,56.0
57,925000.0,0.0,0.0,0.0,0.0,0.0,0.0,0.1,0.0,1.0,1.0,0.0,95.5,994.0,0.0,50.0,120.71,0.0,0.0,7.7,57.0
58,6000000.0,5.0,0.0,0.0,0.0,30.0,0.0,1.6,63.0,65.1,19.0,4.0,120.2,1002.0,9.9,57.1,3005.15,1.0,4.0,10.1,58.0
59,925000.0,0.0,0.0,0.0,0.0,0.0,0.0,0.0,3.0,2.7,0.0,-2.0,118.3,961.0,-1.4,25.0,168.48,0.0,0.0,4.0,59.0
60,767500.0,1.0,0.0,0.0,0.0,0.0,0.0,0.5,12.0,11.2,4.0,5.0,109.3,1030.0,1.0,58.8,736.95,0.0,0.0,8.5,60.0
61,3500000.0,2.0,0.0,0.0,0.0,7.0,0.0,2.0,36.0,75.5,11.0,13.0,120.5,1047.0,-2.3,64.5,3424.44,3.0,0.0,11.0,61.0
62,4500000.0,2.0,0.0,0.0,0.0,6.0,0.0,2.9,26.0,85.7,6.0,-3.0,115.5,1013.0,-13.7,54.7,2931.93,6.0,1.0,9.3,62.0
63,750000.0,0.0,0.0,0.0,0.0,6.0,0.0,0.1,9.0,12.0,4.0,-6.0,111.2,964.0,0.5,31.3,2087.95,0.0,0.0,3.2,63.0
64,3100000.0,3.0,0.0,0.0,0.0,11.0,0.0,3.3,36.0,75.0,9.0,5.0,110.4,1002.0,-2.9,46.4,2541.35,1.0,0.0,7.5,64.0
65,2350000.0,2.0,0.0,0.0,1.0,10.0,0.0,3.9,18.0,55.9,22.0,15.0,108.9,1033.0,5.1,60.5,2843.53,3.0,0.0,11.2,65.0
66,750000.0,0.0,0.0,0.0,0.0,0.0,0.0,0.0,1.0,1.0,1.0,0.0,84.2,1000.0,0.1,0.0,149.3,0.0,0.0,0.0,66.0
67,700000.0,3.0,0.0,0.0,0.0,5.0,0.0,0.6,14.0,18.9,6.0,0.0,105.1,1006.0,-2.1,50.0,2319.0,0.0,0.0,5.9,67.0
68,6750000.0,1.0,0.0,0.0,0.0,12.0,0.0,6.3,45.0,81.0,27.0,22.0,111.8,1013.0,8.1,56.8,2967.03,2.0,0.0,10.2,68.0
69,600000.0,0.0,0.0,0.0,0.0,2.0,0.0,0.4,1.0,5.1,2.0,5.0,110.4,1059.0,0.4,75.0,480.08,1.0,0.0,9.7,69.0
70,650000.0,0.0,0.0,0.0,0.0,2.0,0.0,0.1,0.0,4.2,0.0,-1.0,113.0,997.0,0.1,42.9,349.65,0.0,1.0,5.6,70.0
71,2600000.0,0.0,0.0,0.0,0.0,0.0,0.0,0.0,0.0,0.7,0.0,0.0,93.1,1000.0,0.0,0.0,33.51,0.0,0.0,0.0,71.0
72,667500.0,1.0,0.0,0.0,0.0,5.0,0.0,1.3,16.0,28.9,11.0,9.0,113.4,1029.0,-1.1,62.5,2292.59,1.0,0.0,9.5,72.0
73,925000.0,1.0,0.0,0.0,0.0,13.0,0.0,2.4,26.0,58.0,10.0,-16.0,108.7,999.0,-11.5,51.2,2621.01,1.0,0.0,8.5,73.0
74,2100000.0,4.0,0.0,0.0,0.0,3.0,1.0,1.6,15.0,48.9,6.0,-2.0,104.9,990.0,-3.0,44.4,3333.51,0.0,0.0,6.3,74.0
75,7000000.0,3.0,0.0,0.0,0.0,6.0,0.0,4.2,19.0,74.6,11.0,3.0,112.6,1001.0,10.3,52.0,3024.59,3.0,0.0,8.7,75.0
76,667500.0,0.0,0.0,0.0,0.0,0.0,0.0,0.0,0.0,0.6,0.0,0.0,102.5,1000.0,0.3,0.0,123.26,0.0,0.0,0.0,76.0
77,5000000.0,1.0,0.0,0.0,0.0,14.0,0.0,0.9,40.0,41.7,15.0,-10.0,112.2,1003.0,2.5,58.1,2738.06,2.0,0.0,8.7,77.0
78,3900000.0,1.0,0.0,0.0,0.0,5.0,0.0,3.7,5.0,72.3,12.0,-17.0,112.6,974.0,4.0,48.1,3149.2,1.0,1.0,8.3,78.0
79,625000.0,1.0,0.0,0.0,0.0,9.0,0.0,1.1,40.0,72.0,20.0,-8.0,114.2,988.0,-10.6,39.6,3177.67,0.0,2.0,8.3,79.0
80,2750000.0,6.0,0.0,0.0,0.0,15.0,0.0,1.5,34.0,51.2,13.0,-8.0,100.9,988.0,3.1,51.9,3293.46,0.0,1.0,10.1,80.0
81,3400000.0,3.0,0.0,0.0,0.0,19.0,0.0,2.1,43.0,53.9,23.0,18.0,110.2,1034.0,5.8,64.6,3234.73,0.0,1.0,10.8,81.0
82,842500.0,0.0,0.0,0.0,0.0,1.0,0.0,0.3,4.0,5.2,1.0,1.0,91.4,1052.0,-0.9,75.0,437.01,0.0,0.0,8.6,82.0
83,5500000.0,0.0,0.0,0.0,0.0,6.0,0.0,5.2,12.0,61.7,18.0,32.0,106.2,1019.0,7.1,54.5,3001.33,0.0,0.0,9.3,83.0
84,575000.0,0.0,0.0,0.0,0.0,3.0,0.0,0.3,12.0,10.4,4.0,-1.0,105.5,976.0,2.8,45.8,835.19,0.0,0.0,6.7,84.0
85,5500000.0,0.0,0.0,0.0,0.0,28.0,0.0,0.5,14.0,44.3,20.0,-20.0,104.4,977.0,-3.7,43.0,2641.98,1.0,0.0,6.8,85.0
86,925000.0,0.0,0.0,0.0,0.0,0.0,0.0,0.0,0.0,0.5,0.0,-1.0,106.6,900.0,-0.3,0.0,81.68,0.0,0.0,0.0,86.0
87,5750000.0,2.0,0.0,0.0,0.0,9.0,0.0,1.4,35.0,51.5,15.0,9.0,110.1,1038.0,-2.7,59.6,2544.57,0.0,0.0,11.8,87.0
88,715000.0,2.0,0.0,0.0,0.0,6.0,0.0,0.4,18.0,20.9,3.0,-6.0,110.5,988.0,-5.3,47.2,1614.32,0.0,0.0,7.0,88.0
89,925000.0,0.0,0.0,0.0,0.0,6.0,0.0,1.4,12.0,57.0,16.0,-14.0,113.3,989.0,-11.3,41.3,2607.94,1.0,1.0,7.6,89.0
90,3250000.0,0.0,0.0,0.0,0.0,3.0,0.0,0.6,2.0,10.6,4.0,0.0,102.5,991.0,1.4,45.5,514.44,0.0,0.0,4.5,90.0
91,925000.0,3.0,0.0,0.0,0.0,12.0,0.0,1.7,25.0,57.0,29.0,-23.0,111.2,973.0,-6.5,45.9,2574.08,4.0,1.0,5.8,91.0
92,825000.0,1.0,0.0,0.0,0.0,15.0,0.0,4.7,23.0,75.4,26.0,14.0,106.7,1005.0,13.1,50.0,3050.6,0.0,0.0,8.5,92.0
93,3575000.0,5.0,0.0,0.0,1.0,6.0,0.0,2.1,57.0,66.4,13.0,9.0,111.8,997.0,5.6,54.1,3392.51,1.0,1.0,10.2,93.0
94,600000.0,0.0,0.0,0.0,0.0,0.0,0.0,0.0,0.0,0.7,0.0,-1.0,114.9,929.0,-0.1,0.0,128.16,0.0,0.0,0.0,94.0
95,5850000.0,1.0,1.0,0.0,0.0,17.0,0.0,2.1,38.0,76.9,23.0,16.0,118.1,1016.0,-2.8,52.4,3326.55,0.0,1.0,9.2,95.0
96,750000.0,3.0,0.0,0.0,0.0,16.0,1.0,1.6,23.0,47.0,10.0,7.0,113.6,1016.0,1.6,56.8,3300.53,1.0,1.0,8.2,96.0
97,5000000.0,1.0,1.0,0.0,0.0,4.0,0.0,2.5,23.0,69.5,4.0,-16.0,105.3,986.0,-3.0,39.8,2406.18,1.0,0.0,7.5,97.0
98,660000.0,0.0,0.0,0.0,0.0,0.0,0.0,0.0,0.0,1.1,0.0,-1.0,80.6,913.0,0.4,33.3,77.19,0.0,0.0,5.6,98.0
99,3000000.0,3.0,0.0,0.0,0.0,18.0,0.0,0.5,33.0,38.7,15.0,-11.0,111.0,996.0,3.1,57.0,2490.38,2.0,1.0,11.3,99.0
100,2500000.0,0.0,0.0,0.0,0.0,6.0,0.0,-0.1,2.0,5.3,4.0,-6.0,95.4,901.0,0.2,31.3,574.58,0.0,0.0,7.2,100.0
101,800000.0,2.0,0.0,0.0,0.0,4.0,1.0,0.9,6.0,42.3,9.0,-18.0,104.9,969.0,-12.8,32.8,2280.95,1.0,0.0,5.2,101.0
102,925000.0,0.0,0.0,0.0,0.0,6.0,0.0,1.2,46.0,31.5,3.0,10.0,106.8,1034.0,-4.0,61.7,2469.01,0.0,0.0,9.2,102.0
103,13800000.0,8.0,0.0,0.0,0.0,19.0,1.0,2.1,49.0,69.2,16.0,11.0,114.0,1030.0,-6.5,63.0,3057.71,2.0,1.0,11.2,103.0
104,3500000.0,0.0,0.0,0.0,0.0,9.0,0.0,1.4,49.0,60.2,6.0,-13.0,109.3,981.0,-4.1,46.8,3292.76,2.0,1.0,7.5,104.0
105,7000000.0,3.0,0.0,0.0,0.0,10.0,0.0,2.3,24.0,61.0,18.0,2.0,119.5,997.0,2.4,57.0,3461.14,0.0,1.0,9.7,105.0
106,6000000.0,7.0,0.0,0.0,0.0,17.0,0.0,2.4,33.0,56.3,15.0,11.0,120.0,1024.0,6.1,64.2,3179.57,3.0,1.0,10.8,106.0
107,925000.0,5.0,0.0,0.0,0.0,35.0,0.0,1.9,40.0,41.6,34.0,14.0,113.6,1018.0,7.1,65.1,2989.84,0.0,1.0,10.3,107.0
108,727500.0,0.0,0.0,0.0,0.0,1.0,0.0,0.1,0.0,0.5,0.0,1.0,129.6,1077.0,0.3,100.0,83.98,0.0,0.0,7.7,108.0
109,2500000.0,5.0,0.0,0.0,0.0,12.0,0.0,1.8,57.0,49.4,15.0,2.0,109.3,1016.0,0.8,57.4,3294.23,0.0,0.0,10.3,109.0
110,1000000.0,0.0,0.0,0.0,0.0,10.0,0.0,2.5,11.0,83.7,20.0,-9.0,118.1,991.0,-19.0,37.9,2933.64,0.0,0.0,6.7,110.0
111,700000.0,0.0,0.0,0.0,0.0,2.0,0.0,0.0,1.0,3.3,1.0,-2.0,82.0,950.0,-1.3,0.0,416.76,0.0,0.0,0.0,111.0
112,2350000.0,1.0,0.0,0.0,0.0,10.0,1.0,0.6,13.0,28.2,5.0,-7.0,114.6,974.0,-2.3,42.2,1921.05,1.0,0.0,5.5,112.0
113,2750000.0,1.0,0.0,0.0,0.0,9.0,0.0,3.0,11.0,53.7,20.0,-2.0,108.2,979.0,6.7,43.8,3146.74,1.0,0.0,5.7,113.0
114,925000.0,6.0,0.0,0.0,0.0,21.0,0.0,1.5,74.0,59.6,6.0,2.0,122.4,1018.0,7.6,61.6,3190.76,0.0,0.0,9.6,114.0
115,7450000.0,1.0,0.0,0.0,0.0,11.0,0.0,7.2,24.0,91.0,23.0,8.0,110.6,1005.0,10.4,57.1,2726.66,8.0,2.0,8.2,115.0
116,5400000.0,2.0,0.0,0.0,0.0,9.0,0.0,4.5,25.0,108.0,14.0,-9.0,120.1,1016.0,-4.4,50.0,2657.72,2.0,0.0,9.4,116.0
117,750000.0,0.0,0.0,0.0,0.0,2.0,0.0,0.0,16.0,18.1,6.0,-13.0,99.6,994.0,-2.2,52.3,2232.96,0.0,2.0,8.4,117.0
118,575000.0,2.0,0.0,0.0,0.0,3.0,0.0,0.5,8.0,15.0,5.0,-1.0,117.0,997.0,-0.9,48.8,943.99,1.0,1.0,11.0,118.0
119,925000.0,1.0,0.0,0.0,0.0,0.0,0.0,-0.1,2.0,2.2,0.0,-3.0,121.5,917.0,0.1,20.0,248.7,0.0,0.0,2.9,119.0
120,925000.0,1.0,0.0,0.0,0.0,1.0,0.0,0.4,0.0,6.5,1.0,1.0,117.2,996.0,1.7,52.9,697.65,1.0,0.0,7.3,120.0
121,3000000.0,4.0,0.0,0.0,0.0,13.0,0.0,1.5,35.0,53.6,16.0,3.0,108.5,1000.0,-5.5,46.4,3090.72,2.0,0.0,8.8,121.0
122,650000.0,0.0,0.0,0.0,0.0,0.0,0.0,0.1,0.0,5.6,2.0,-3.0,98.6,971.0,-0.5,37.5,448.78,0.0,0.0,4.7,122.0
123,575000.0,0.0,0.0,0.0,0.0,9.0,0.0,0.6,25.0,36.5,6.0,-4.0,110.1,981.0,1.3,36.0,2908.9,0.0,0.0,5.3,123.0
124,725000.0,1.0,0.0,0.0,0.0,11.0,0.0,1.0,14.0,46.1,8.0,-5.0,104.4,966.0,-3.3,29.0,3405.46,0.0,0.0,5.8,124.0
125,3000000.0,3.0,0.0,0.0,0.0,10.0,0.0,4.1,38.0,81.4,17.0,4.0,108.7,996.0,6.4,48.6,2932.08,1.0,0.0,7.5,125.0
126,950000.0,1.0,0.0,0.0,0.0,15.0,0.0,1.9,9.0,54.8,18.0,-12.0,109.7,972.0,-2.9,39.1,2511.34,0.0,0.0,6.7,126.0
127,3000000.0,0.0,0.0,0.0,0.0,12.0,0.0,3.7,10.0,60.8,17.0,4.0,111.3,978.0,4.4,43.2,2843.38,0.0,0.0,7.2,127.0
128,1250000.0,1.0,0.0,0.0,0.0,7.0,0.0,0.5,8.0,24.7,14.0,-7.0,104.1,960.0,-2.4,28.9,2769.89,0.0,0.0,4.0,128.0
129,575000.0,1.0,0.0,0.0,1.0,1.0,0.0,0.5,3.0,16.9,3.0,-4.0,105.7,1000.0,-5.2,40.6,924.83,0.0,0.0,8.7,129.0
130,600000.0,0.0,0.0,0.0,0.0,2.0,0.0,0.1,3.0,3.4,2.0,0.0,102.9,1030.0,-0.5,50.0,345.54,0.0,0.0,16.1,130.0
131,4000000.0,3.0,0.0,0.0,0.0,15.0,0.0,1.9,40.0,48.4,28.0,2.0,111.5,1002.0,4.2,60.8,3163.36,2.0,1.0,8.2,131.0
132,575000.0,1.0,0.0,0.0,0.0,11.0,0.0,0.6,15.0,18.7,7.0,-5.0,116.3,973.0,4.2,48.8,1803.18,0.0,0.0,6.7,132.0
133,625000.0,0.0,0.0,0.0,0.0,1.0,0.0,-0.1,0.0,1.6,2.0,-3.0,85.3,826.0,-0.7,0.0,159.57,0.0,0.0,0.0,133.0
134,735000.0,0.0,0.0,0.0,0.0,7.0,0.0,0.7,28.0,38.2,4.0,-12.0,105.3,949.0,1.1,30.0,2452.36,0.0,1.0,4.6,134.0
135,575000.0,1.0,0.0,0.0,0.0,2.0,0.0,0.1,2.0,1.4,1.0,1.0,94.9,1059.0,-0.6,100.0,173.59,0.0,0.0,5.9,135.0
136,640000.0,2.0,0.0,0.0,0.0,3.0,0.0,0.3,25.0,26.9,11.0,-14.0,104.9,963.0,-10.1,26.3,2770.14,0.0,0.0,4.4,136.0
137,800000.0,2.0,0.0,0.0,0.0,12.0,0.0,0.2,23.0,28.2,9.0,-9.0,116.2,984.0,-1.1,44.6,2081.34,0.0,0.0,7.9,137.0
138,925000.0,5.0,0.0,0.0,0.0,4.0,0.0,0.4,6.0,9.95,2.0,0.0,100.3,1016.0,1.0,52.2,898.66,0.0,0.0,9.3,138.0
139,4000000.0,1.0,0.0,0.0,0.0,10.0,1.0,1.0,27.0,51.1,17.0,-15.0,111.4,977.0,-1.2,46.5,2882.13,0.0,0.0,6.7,139.0
140,5750000.0,6.0,0.0,0.0,0.0,10.0,0.0,2.4,43.0,53.3,4.0,23.0,107.0,1025.0,12.6,64.8,3361.63,0.0,1.0,9.0,140.0
141,892500.0,0.0,0.0,0.0,0.0,2.0,0.0,0.5,10.0,9.3,3.0,3.0,96.4,1035.0,0.5,60.0,1141.29,0.0,0.0,7.6,141.0
142,7250000.0,1.0,0.0,0.0,0.0,8.0,0.0,1.5,30.0,52.5,16.0,2.0,116.0,999.0,8.9,54.0,1381.44,1.0,0.0,9.6,142.0
143,3500000.0,1.0,0.0,0.0,0.0,0.0,0.0,0.6,10.0,28.0,7.0,-5.0,119.1,1004.0,-0.2,55.2,1854.42,1.0,0.0,8.5,143.0
144,575000.0,0.0,0.0,0.0,0.0,0.0,0.0,-0.1,2.0,7.4,3.0,-3.0,129.2,971.0,-1.0,41.7,279.53,0.0,0.0,7.7,144.0
145,10900000.0,4.0,0.0,0.0,0.0,19.0,1.0,1.7,39.0,65.9,12.0,17.0,125.4,1031.0,18.4,67.0,2880.93,2.0,1.0,11.4,145.0
146,667500.0,0.0,0.0,0.0,0.0,0.0,0.0,0.0,1.0,0.8,0.0,0.0,94.9,1000.0,0.3,0.0,135.24,0.0,0.0,0.0,146.0
147,832500.0,0.0,0.0,0.0,0.0,1.0,0.0,1.5,11.0,39.5,9.0,0.0,112.2,995.0,-1.7,44.6,1666.12,0.0,0.0,7.8,147.0
148,8000000.0,9.0,0.0,0.0,0.0,17.0,0.0,1.7,29.0,52.8,6.0,-1.0,111.2,1024.0,4.1,63.8,3229.59,1.0,3.0,11.0,148.0
149,692500.0,0.0,0.0,0.0,0.0,1.0,0.0,0.2,8.0,5.8,0.0,0.0,106.7,1000.0,0.4,57.1,426.56,0.0,0.0,10.4,149.0
150,3500000.0,1.0,0.0,0.0,0.0,15.0,0.0,2.0,51.0,56.9,17.0,17.0,114.9,1018.0,17.7,59.6,3383.28,3.0,0.0,10.2,150.0
151,900000.0,0.0,0.0,0.0,0.0,10.0,0.0,1.0,36.0,36.1,5.0,-1.0,108.9,1010.0,-1.4,52.1,2993.79,2.0,0.0,8.8,151.0
152,575000.0,0.0,0.0,0.0,1.0,1.0,0.0,0.0,0.0,1.3,1.0,0.0,126.3,1000.0,-0.3,0.0,125.01,0.0,0.0,0.0,152.0
153,600000.0,1.0,0.0,0.0,1.0,8.0,0.0,0.5,5.0,15.7,14.0,-2.0,105.0,973.0,0.5,40.0,1457.01,0.0,1.0,3.5,153.0
154,705000.0,0.0,0.0,0.0,0.0,0.0,0.0,0.1,1.0,2.2,2.0,0.0,89.4,1037.0,0.1,66.7,122.57,0.0,0.0,8.0,154.0
155,900000.0,0.0,0.0,0.0,0.0,0.0,0.0,0.0,0.0,0.0,0.0,0.0,85.5,1000.0,0.4,0.0,44.24,0.0,0.0,0.0,155.0
156,8000000.0,5.0,0.0,0.0,0.0,16.0,0.0,1.4,43.0,49.9,13.0,9.0,114.9,1029.0,0.4,56.6,2898.12,0.0,1.0,11.0,156.0
157,4000000.0,0.0,0.0,0.0,0.0,5.0,0.0,2.9,5.0,63.9,16.0,0.0,110.7,1010.0,-13.1,45.8,2434.38,1.0,0.0,8.5,157.0
158,575000.0,0.0,0.0,0.0,0.0,0.0,0.0,0.0,0.0,0.9,0.0,-1.0,93.5,923.0,-0.3,0.0,80.15,0.0,0.0,0.0,158.0
159,1850000.0,0.0,1.0,0.0,0.0,16.0,0.0,1.4,17.0,39.8,11.0,7.0,108.9,1006.0,1.4,46.7,2795.11,1.0,0.0,8.5,159.0
160,2500000.0,0.0,0.0,0.0,0.0,5.0,0.0,2.8,28.0,36.4,7.0,4.0,110.7,997.0,7.2,57.5,2479.63,0.0,0.0,7.6,160.0
161,740000.0,0.0,0.0,0.0,0.0,0.0,0.0,0.2,1.0,4.9,3.0,1.0,104.0,1069.0,-1.4,66.7,597.35,0.0,0.0,10.9,161.0
162,800000.0,0.0,0.0,0.0,0.0,4.0,0.0,0.3,7.0,26.5,5.0,-14.0,96.3,930.0,-4.0,14.3,1787.52,0.0,0.0,2.8,162.0
163,667500.0,5.0,0.0,0.0,0.0,10.0,0.0,1.5,30.0,39.1,7.0,4.0,110.2,1031.0,1.3,62.9,2664.2,0.0,0.0,11.4,163.0
164,4000000.0,0.0,0.0,0.0,0.0,8.0,0.0,0.8,39.0,44.9,17.0,-5.0,109.0,984.0,-3.5,43.5,2862.92,0.0,1.0,6.0,164.0
165,700000.0,0.0,0.0,0.0,0.0,0.0,0.0,0.0,0.0,1.4,0.0,-2.0,95.4,882.0,0.8,0.0,168.39,0.0,0.0,0.0,165.0
166,7000000.0,5.0,0.0,0.0,0.0,16.0,0.0,5.7,59.0,87.4,14.0,10.0,116.5,1013.0,7.0,56.9,2586.45,4.0,3.0,9.5,166.0
167,5000000.0,1.0,0.0,0.0,0.0,14.0,0.0,3.8,15.0,70.4,14.0,3.0,116.7,1030.0,1.5,61.0,2645.21,2.0,1.0,9.4,167.0
168,9000000.0,4.0,0.0,0.0,0.0,8.0,0.0,1.1,15.0,64.1,10.0,3.0,118.4,1044.0,-5.1,68.2,3164.84,1.0,1.0,10.9,168.0
169,925000.0,0.0,0.0,0.0,0.0,0.0,0.0,0.1,0.0,1.1,0.0,1.0,119.6,1154.0,-0.3,100.0,128.58,0.0,0.0,15.4,169.0
170,4000000.0,2.0,0.0,0.0,0.0,9.0,0.0,1.4,41.0,61.3,7.0,-10.0,113.9,991.0,-2.8,51.9,3312.9,1.0,1.0,8.5,170.0
171,600000.0,2.0,0.0,0.0,0.0,6.0,0.0,0.5,8.0,12.6,2.0,4.0,102.4,1011.0,6.1,63.9,1058.12,2.0,0.0,10.4,171.0
172,725000.0,0.0,0.0,0.0,0.0,8.0,0.0,1.3,24.0,51.2,5.0,-1.0,104.7,967.0,-3.9,29.6,3483.12,1.0,2.0,5.9,172.0
173,925000.0,1.0,0.0,0.0,0.0,4.0,0.0,0.0,2.0,8.6,3.0,-9.0,104.9,938.0,0.9,27.8,1061.61,0.0,0.0,3.4,173.0
174,792500.0,3.0,0.0,0.0,0.0,7.0,0.0,0.6,9.0,18.1,7.0,-3.0,109.7,985.0,1.9,57.8,1798.84,2.0,0.0,7.1,174.0
175,832500.0,4.0,0.0,0.0,0.0,16.0,0.0,1.0,43.0,67.6,21.0,-6.0,115.9,972.0,0.2,39.7,3308.4,0.0,1.0,8.3,175.0
176,2950000.0,1.0,0.0,0.0,0.0,10.0,0.0,1.6,45.0,70.9,12.0,6.0,118.2,1028.0,-2.3,55.2,3458.03,0.0,0.0,11.6,176.0
177,4250000.0,11.0,0.0,0.0,0.0,18.0,0.0,2.2,54.0,45.3,14.0,13.0,111.5,1032.0,4.5,66.5,2757.31,8.0,2.0,12.0,177.0
178,875000.0,0.0,0.0,0.0,0.0,6.0,0.0,0.5,14.0,14.74,5.0,2.0,103.3,1023.0,-1.8,56.5,1607.84,0.0,0.0,7.1,178.0
179,625000.0,0.0,0.0,0.0,0.0,2.0,0.0,0.6,5.0,11.3,4.0,6.0,110.2,1049.0,-0.4,77.8,924.86,0.0,0.0,7.7,179.0
180,575000.0,0.0,0.0,0.0,0.0,0.0,0.0,0.0,0.0,1.5,0.0,0.0,148.9,997.0,-0.2,50.0,85.66,0.0,0.0,5.6,180.0
181,625000.0,0.0,0.0,0.0,0.0,4.0,0.0,0.1,2.0,6.4,3.0,-2.0,104.4,979.0,-2.4,40.0,415.27,1.0,0.0,5.2,181.0
182,4000000.0,0.0,0.0,0.0,0.0,4.0,0.0,1.2,21.0,33.1,4.0,3.0,110.4,998.0,0.6,51.9,2587.55,1.0,1.0,6.8,182.0
183,2500000.0,2.0,0.0,0.0,0.0,20.0,0.0,0.9,43.0,55.5,17.0,-6.0,112.3,1008.0,-7.7,51.2,3458.78,0.0,0.0,10.2,183.0
184,675000.0,1.0,0.0,0.0,0.0,8.0,0.0,0.8,19.0,52.7,13.0,-10.0,104.8,970.0,-3.0,28.8,3130.73,0.0,0.0,5.7,184.0
185,900000.0,0.0,0.0,0.0,0.0,4.0,0.0,0.8,10.0,29.7,7.0,-4.0,114.9,972.0,2.5,38.8,1541.11,0.0,0.0,6.1,185.0
186,1050000.0,0.0,0.0,0.0,0.0,0.0,0.0,0.3,8.0,11.6,3.0,2.0,97.7,1001.0,-0.4,45.0,1020.35,1.0,0.0,10.1,186.0
187,1100000.0,1.0,0.0,0.0,0.0,4.0,0.0,1.1,36.0,34.3,7.0,-8.0,113.9,996.0,1.0,60.7,3246.34,2.0,0.0,9.3,187.0
188,925000.0,0.0,0.0,0.0,0.0,0.0,0.0,0.2,4.0,4.6,1.0,1.0,97.1,1031.0,-0.8,100.0,404.88,0.0,0.0,3.1,188.0
189,650000.0,0.0,0.0,0.0,0.0,0.0,0.0,-0.1,2.0,2.5,0.0,-3.0,143.2,906.0,-1.1,0.0,299.88,0.0,0.0,0.0,189.0
190,3850000.0,2.0,0.0,0.0,1.0,12.0,0.0,0.7,24.0,51.5,12.0,-7.0,116.5,953.0,1.2,34.6,2467.35,0.0,0.0,5.7,190.0
191,9000000.0,6.0,0.0,0.0,0.0,16.0,0.0,0.9,33.0,47.4,15.0,-3.0,121.8,1001.0,10.3,54.6,2897.33,2.0,0.0,9.1,191.0
192,925000.0,0.0,0.0,0.0,0.0,0.0,0.0,0.2,1.0,5.8,0.0,0.0,102.8,998.0,0.8,57.1,355.66,0.0,0.0,9.3,192.0
193,700000.0,0.0,0.0,0.0,0.0,1.0,0.0,-0.1,3.0,2.8,1.0,-3.0,105.2,917.0,-0.7,0.0,274.84,0.0,0.0,0.0,193.0
194,742500.0,0.0,0.0,0.0,0.0,1.0,0.0,0.1,0.0,4.0,3.0,0.0,96.7,973.0,1.7,44.4,437.26,0.0,0.0,9.8,194.0
195,925000.0,0.0,0.0,0.0,0.0,7.0,0.0,0.4,18.0,12.0,5.0,0.0,101.6,1028.0,0.2,65.2,1540.91,0.0,0.0,7.7,195.0
196,4250000.0,2.0,0.0,0.0,0.0,15.0,0.0,1.7,32.0,47.8,9.0,0.0,107.5,1006.0,4.2,57.1,2985.52,1.0,1.0,9.5,196.0
197,667500.0,0.0,0.0,0.0,0.0,0.0,0.0,0.0,1.0,1.5,0.0,-1.0,110.4,992.0,-0.4,33.3,80.07,0.0,0.0,12.5,197.0
198,8000000.0,1.0,0.0,0.0,0.0,17.0,0.0,1.7,28.0,40.7,22.0,2.0,114.1,981.0,10.0,55.1,2968.55,2.0,0.0,8.4,198.0
199,635000.0,0.0,0.0,0.0,0.0,1.0,0.0,0.0,1.0,1.5,0.0,0.0,93.8,1000.0,-1.1,0.0,123.93,0.0,0.0,0.0,199.0
200,3650000.0,3.0,0.0,0.0,0.0,2.0,0.0,0.4,19.0,26.6,6.0,-10.0,110.5,993.0,-3.3,51.1,2106.88,0.0,0.0,6.2,200.0
201,3750000.0,2.0,0.0,0.0,0.0,10.0,0.0,2.0,46.0,49.6,14.0,12.0,109.1,985.0,9.8,50.5,2697.04,0.0,1.0,8.5,201.0
202,6075000.0,3.0,0.0,0.0,0.0,5.0,0.0,1.1,7.0,29.5,9.0,-4.0,112.7,992.0,9.4,55.6,2291.81,0.0,1.0,7.3,202.0
203,950000.0,0.0,0.0,0.0,0.0,2.0,0.0,0.6,4.0,16.8,7.0,-1.0,117.5,999.0,-3.9,41.7,978.23,0.0,0.0,7.5,203.0
204,925000.0,1.0,0.0,0.0,0.0,5.0,0.0,0.3,5.0,10.7,3.0,-3.0,103.9,986.0,0.5,52.6,1072.21,0.0,0.0,6.6,204.0
205,2750000.0,3.0,0.0,0.0,1.0,14.0,0.0,3.6,19.0,79.1,15.0,2.0,105.7,997.0,-11.7,39.1,3021.19,0.0,0.0,8.0,205.0
206,5000000.0,1.0,0.0,0.0,0.0,2.0,0.0,4.5,36.0,83.5,10.0,10.0,121.5,999.0,1.2,47.7,3011.49,3.0,0.0,8.1,206.0
207,5000000.0,1.0,0.0,0.0,0.0,7.0,0.0,0.6,31.0,44.8,9.0,-7.0,113.5,993.0,4.0,52.5,2356.87,1.0,1.0,10.9,207.0
208,11000000.0,1.0,0.0,0.0,0.0,15.0,0.0,2.4,30.0,64.9,16.0,-8.0,110.1,986.0,10.4,50.3,2338.29,7.0,1.0,8.9,208.0
209,600000.0,1.0,0.0,0.0,0.0,3.0,0.0,0.7,16.0,19.1,5.0,7.0,105.2,1055.0,-4.3,62.1,2135.7,0.0,0.0,9.4,209.0
210,6000000.0,0.0,0.0,0.0,0.0,6.0,0.0,2.1,18.0,49.3,2.0,-6.0,113.2,959.0,-1.2,38.0,1736.01,0.0,0.0,7.6,210.0
211,950000.0,0.0,0.0,0.0,0.0,0.0,0.0,0.1,11.0,8.1,1.0,-3.0,104.3,946.0,0.0,40.0,752.24,0.0,0.0,5.6,211.0
212,775000.0,0.0,0.0,0.0,0.0,0.0,0.0,0.1,0.0,1.1,1.0,1.0,84.1,1109.0,-0.7,50.0,106.05,0.0,0.0,20.0,212.0
213,1700000.0,0.0,0.0,0.0,0.0,9.0,0.0,1.2,39.0,45.2,3.0,-6.0,106.7,1004.0,-4.0,51.5,2692.52,0.0,0.0,9.9,213.0
214,1025000.0,0.0,0.0,0.0,0.0,1.0,0.0,0.2,12.0,29.6,9.0,-12.0,106.0,950.0,-4.8,23.1,2388.31,1.0,0.0,4.2,214.0
215,925000.0,2.0,0.0,1.0,0.0,13.0,1.0,1.3,16.0,37.0,21.0,4.0,112.5,1004.0,9.4,54.9,3005.4,0.0,0.0,7.2,215.0
216,5400000.0,4.0,0.0,0.0,0.0,6.0,0.0,2.4,39.0,57.7,17.0,27.0,111.5,1043.0,14.8,60.8,3267.02,4.0,1.0,12.6,216.0
217,7875000.0,5.0,0.0,0.0,0.0,15.0,1.0,2.4,22.0,90.5,29.0,8.0,118.2,1010.0,12.5,55.2,3184.26,1.0,1.0,9.5,217.0
218,842500.0,1.0,0.0,0.0,0.0,11.0,0.0,0.4,19.0,19.4,6.0,-10.0,103.9,973.0,2.7,47.5,2143.25,0.0,0.0,6.0,218.0
219,2000000.0,1.0,0.0,0.0,0.0,3.0,0.0,0.2,12.0,16.1,2.0,-3.0,119.4,991.0,-3.6,48.3,1342.18,0.0,0.0,6.9,219.0
220,2570000.0,1.0,0.0,0.0,0.0,11.0,0.0,5.4,34.0,61.6,23.0,30.0,108.0,1030.0,6.5,64.4,3010.37,5.0,0.0,10.0,220.0
221,575000.0,0.0,0.0,0.0,0.0,4.0,0.0,0.0,2.0,2.3,2.0,-1.0,94.6,971.0,-1.8,0.0,383.47,0.0,0.0,0.0,221.0
222,1300000.0,1.0,0.0,0.0,0.0,2.0,0.0,0.9,35.0,44.8,9.0,-14.0,103.9,974.0,-9.8,39.5,3189.37,0.0,0.0,6.9,222.0
223,4000000.0,7.0,0.0,0.0,0.0,12.0,1.0,1.7,25.0,62.8,16.0,-3.0,117.2,1014.0,-4.5,56.7,3077.62,5.0,1.0,9.0,223.0
224,925000.0,1.0,0.0,0.0,0.0,4.0,0.0,4.5,27.0,69.0,7.0,17.0,110.8,1028.0,10.7,65.3,2921.44,1.0,1.0,10.5,224.0
225,600000.0,0.0,0.0,0.0,0.0,0.0,0.0,0.0,0.0,1.0,0.0,-1.0,117.3,833.0,-0.2,0.0,44.95,0.0,0.0,0.0,225.0
226,10000000.0,4.0,1.0,0.0,1.0,23.0,0.0,1.0,24.0,56.7,13.0,-24.0,120.7,983.0,-0.8,54.9,3161.36,3.0,1.0,8.9,226.0
227,925000.0,0.0,0.0,0.0,0.0,0.0,0.0,-0.1,0.0,0.8,0.0,-2.0,108.6,792.0,0.3,33.3,68.02,0.0,0.0,10.0,227.0
228,3000000.0,1.0,0.0,0.0,0.0,8.0,0.0,1.4,30.0,44.3,20.0,3.0,99.4,982.0,-0.9,38.5,3476.82,0.0,0.0,8.0,228.0
229,832500.0,0.0,0.0,0.0,0.0,1.0,0.0,0.0,2.0,3.1,1.0,-3.0,102.9,918.0,-0.7,20.0,279.94,0.0,1.0,3.2,229.0
230,925000.0,1.0,0.0,0.0,0.0,2.0,0.0,0.0,0.0,3.2,0.0,-2.0,109.9,938.0,-1.3,0.0,214.17,0.0,0.0,0.0,230.0
231,900000.0,3.0,0.0,0.0,0.0,10.0,1.0,1.4,48.0,43.9,7.0,-1.0,102.9,965.0,4.9,35.7,3389.32,0.0,0.0,5.3,231.0
232,750000.0,0.0,0.0,0.0,0.0,2.0,0.0,3.3,22.0,43.1,7.0,17.0,109.6,1024.0,6.3,56.4,2198.12,2.0,0.0,10.2,232.0
233,832500.0,3.0,0.0,0.0,0.0,5.0,0.0,1.4,33.0,33.4,7.0,13.0,115.1,1030.0,0.0,65.7,2552.27,0.0,0.0,9.3,233.0
234,925000.0,0.0,0.0,0.0,0.0,0.0,0.0,0.1,2.0,4.5,0.0,-1.0,103.2,961.0,-0.4,33.3,195.06,0.0,0.0,4.4,234.0
235,1250000.0,0.0,0.0,0.0,1.0,12.0,0.0,0.4,4.0,17.0,15.0,-3.0,94.5,1012.0,-5.6,43.5,2363.88,0.0,0.0,7.1,235.0
236,625000.0,0.0,0.0,0.0,0.0,0.0,0.0,-0.1,1.0,1.5,0.0,-2.0,97.7,889.0,1.0,0.0,137.14,0.0,0.0,0.0,236.0
237,900000.0,1.0,0.0,0.0,0.0,6.0,0.0,0.5,18.0,47.6,9.0,-17.0,107.5,958.0,-3.5,24.6,3452.39,0.0,0.0,4.3,237.0
238,5000000.0,0.0,0.0,0.0,0.0,17.0,0.0,4.8,45.0,84.4,16.0,20.0,116.9,1014.0,4.6,55.8,2745.66,0.0,0.0,9.6,238.0
239,4500000.0,5.0,0.0,0.0,0.0,23.0,0.0,2.1,29.0,55.5,13.0,2.0,107.0,1036.0,-6.0,61.5,3252.2,2.0,0.0,10.9,239.0
240,2900000.0,1.0,0.0,0.0,0.0,8.0,0.0,4.0,24.0,75.5,13.0,15.0,113.1,1010.0,9.2,51.0,3146.0,0.0,0.0,9.9,240.0
241,575000.0,0.0,0.0,0.0,0.0,2.0,0.0,0.1,4.0,9.4,6.0,-4.0,113.5,989.0,-5.0,33.3,854.57,0.0,0.0,6.2,241.0
242,640000.0,0.0,0.0,0.0,0.0,0.0,0.0,0.0,2.0,2.8,0.0,-1.0,99.1,976.0,-0.6,0.0,449.87,0.0,0.0,0.0,242.0
243,5000000.0,1.0,0.0,0.0,0.0,11.0,0.0,5.7,35.0,78.8,22.0,18.0,112.3,1000.0,11.4,48.8,2561.32,3.0,0.0,9.2,243.0
244,5000000.0,0.0,0.0,0.0,0.0,7.0,0.0,1.5,17.0,35.2,19.0,14.0,105.5,1022.0,6.6,63.2,3266.1,2.0,0.0,9.4,244.0
245,575000.0,0.0,0.0,0.0,0.0,3.0,0.0,0.1,3.0,6.2,4.0,-5.0,99.0,955.0,0.8,44.4,438.57,0.0,0.0,8.8,245.0
246,3100000.0,3.0,0.0,0.0,0.0,14.0,0.0,1.9,19.0,65.1,13.0,11.0,113.9,1001.0,10.6,51.6,3298.32,2.0,0.0,7.2,246.0
247,8000000.0,3.0,0.0,0.0,0.0,8.0,0.0,1.4,26.0,58.0,10.0,-3.0,114.9,1021.0,0.9,63.7,3216.03,1.0,0.0,10.4,247.0
248,6000000.0,2.0,0.0,0.0,0.0,9.0,0.0,2.1,38.0,54.3,5.0,11.0,120.8,1023.0,2.3,61.5,3030.5,1.0,2.0,10.2,248.0
249,925000.0,2.0,0.0,0.0,0.0,20.0,0.0,1.8,40.0,50.4,13.0,-1.0,108.8,1005.0,5.1,58.7,3267.64,4.0,0.0,9.4,249.0
250,3500000.0,2.0,0.0,0.0,1.0,17.0,0.0,1.8,32.0,33.7,19.0,17.0,105.9,1031.0,14.3,67.5,3285.59,1.0,0.0,11.6,250.0
251,575000.0,0.0,0.0,0.0,0.0,1.0,0.0,0.1,6.0,6.3,1.0,-3.0,106.9,958.0,0.7,33.3,748.67,0.0,1.0,3.2,251.0
252,6000000.0,5.0,0.0,0.0,0.0,14.0,1.0,1.0,34.0,65.1,32.0,-17.0,116.3,991.0,0.4,46.3,2825.59,1.0,0.0,7.9,252.0
253,3000000.0,4.0,0.0,0.0,0.0,10.0,0.0,4.5,18.0,65.7,18.0,13.0,109.6,1009.0,17.8,56.4,2465.56,1.0,0.0,8.3,253.0
254,725000.0,1.0,0.0,0.0,0.0,8.0,0.0,1.8,6.0,30.3,12.0,0.0,106.5,1004.0,-3.4,53.3,1832.75,3.0,0.0,8.2,254.0
255,667500.0,0.0,0.0,0.0,0.0,1.0,0.0,0.0,1.0,2.3,0.0,-1.0,87.5,979.0,-0.5,33.3,277.97,0.0,0.0,4.8,255.0
256,4250000.0,5.0,0.0,0.0,0.0,9.0,0.0,5.9,23.0,69.2,10.0,33.0,111.5,1027.0,18.6,59.4,2705.32,1.0,0.0,10.2,256.0
257,600000.0,2.0,1.0,0.0,0.0,12.0,0.0,1.0,15.0,28.3,10.0,10.0,105.3,1020.0,3.2,56.3,2583.16,0.0,0.0,9.5,257.0
258,925000.0,2.0,0.0,0.0,0.0,14.0,0.0,1.0,22.0,29.8,8.0,3.0,108.0,1017.0,-2.6,60.0,2593.97,0.0,0.0,8.2,258.0
259,800000.0,0.0,0.0,0.0,0.0,13.0,0.0,0.4,11.0,29.6,15.0,-8.0,102.8,978.0,-6.6,30.0,2318.94,0.0,0.0,4.4,259.0
260,10000000.0,12.0,0.0,0.0,0.0,19.0,0.0,1.7,29.0,60.4,25.0,6.0,122.1,1025.0,1.5,65.0,3150.92,7.0,1.0,11.3,260.0
261,700000.0,0.0,0.0,0.0,0.0,1.0,0.0,-0.1,3.0,3.8,0.0,-6.0,99.0,902.0,-1.2,22.2,483.21,0.0,0.0,6.1,261.0
262,5000000.0,0.0,0.0,0.0,0.0,17.0,0.0,0.7,17.0,38.6,8.0,-6.0,108.4,996.0,-3.3,44.4,2054.34,1.0,0.0,9.3,262.0
263,840000.0,1.0,0.0,0.0,0.0,20.0,0.0,0.7,15.0,26.9,13.0,-6.0,115.1,975.0,2.0,45.7,2418.97,0.0,0.0,5.4,263.0
264,600000.0,0.0,0.0,0.0,0.0,0.0,0.0,0.3,4.0,8.1,1.0,-1.0,106.9,1057.0,-1.5,57.1,456.5,1.0,0.0,15.6,264.0
265,925000.0,5.0,0.0,0.0,0.0,14.0,0.0,2.0,18.0,56.0,16.0,-21.0,121.5,992.0,4.9,58.4,2845.89,4.0,1.0,8.2,265.0
266,660000.0,2.0,0.0,0.0,0.0,2.0,0.0,0.8,10.0,26.4,4.0,3.0,100.3,1021.0,-1.4,48.6,2410.24,0.0,1.0,9.2,266.0
267,2075000.0,0.0,0.0,0.0,0.0,3.0,0.0,0.2,20.0,47.6,6.0,-29.0,103.4,966.0,-6.2,36.0,3362.04,0.0,1.0,6.4,267.0
268,7000000.0,4.0,0.0,0.0,0.0,3.0,0.0,1.7,24.0,46.8,18.0,4.0,106.3,1018.0,1.2,57.5,2643.74,0.0,0.0,10.9,268.0
269,5800000.0,3.0,0.0,0.0,0.0,16.0,0.0,1.7,39.0,62.8,21.0,6.0,114.6,993.0,16.1,55.3,3165.35,2.0,1.0,10.3,269.0
270,1150000.0,2.0,0.0,0.0,0.0,16.0,0.0,1.0,17.0,48.8,8.0,-7.0,105.6,971.0,-0.5,31.9,3160.02,0.0,0.0,5.4,270.0
271,925000.0,1.0,0.0,0.0,0.0,19.0,0.0,0.5,49.0,50.7,16.0,-28.0,106.3,960.0,-2.9,41.4,3223.52,3.0,2.0,7.0,271.0
272,925000.0,0.0,0.0,0.0,0.0,2.0,0.0,0.6,3.0,11.8,2.0,-5.0,106.8,962.0,0.7,48.5,879.34,0.0,0.0,8.8,272.0
273,5500000.0,0.0,0.0,0.0,0.0,3.0,0.0,2.1,6.0,46.1,16.0,-7.0,107.2,994.0,2.8,49.5,2270.49,1.0,0.0,8.0,273.0
274,2800000.0,2.0,0.0,0.0,0.0,4.0,0.0,0.7,30.0,33.6,7.0,-8.0,118.2,963.0,6.4,44.4,2022.2,0.0,0.0,7.3,274.0
275,4350000.0,0.0,0.0,0.0,0.0,6.0,2.0,1.1,13.0,30.6,12.0,6.0,105.7,1035.0,-2.3,61.3,2276.62,0.0,0.0,9.6,275.0
276,925000.0,0.0,0.0,0.0,0.0,0.0,0.0,0.1,0.0,1.2,0.0,0.0,86.7,1011.0,-0.4,50.0,110.04,0.0,0.0,6.7,276.0
277,3275000.0,4.0,0.0,0.0,0.0,8.0,0.0,1.5,34.0,61.1,15.0,-2.0,114.3,996.0,-2.0,47.8,3230.22,1.0,0.0,8.0,277.0
278,1200000.0,0.0,0.0,0.0,0.0,12.0,0.0,0.8,15.0,30.2,12.0,3.0,104.4,1040.0,-10.6,55.3,3258.03,0.0,0.0,8.6,278.0
279,1300000.0,2.0,0.0,0.0,1.0,17.0,0.0,1.1,34.0,57.5,15.0,-7.0,103.9,988.0,-10.6,35.6,3521.78,2.0,1.0,6.4,279.0
280,1300000.0,0.0,0.0,0.0,0.0,3.0,0.0,2.2,5.0,33.2,6.0,7.0,111.6,1013.0,-2.2,48.1,1558.33,0.0,0.0,8.2,280.0
281,650000.0,2.0,0.0,0.0,1.0,9.0,0.0,0.5,24.0,33.0,18.0,-19.0,108.7,963.0,-9.4,39.5,2555.96,1.0,0.0,6.6,281.0
282,5000000.0,7.0,0.0,0.0,0.0,28.0,0.0,2.2,66.0,63.9,19.0,18.0,113.5,1020.0,8.8,58.5,2947.62,3.0,0.0,12.6,282.0
283,692500.0,0.0,0.0,0.0,0.0,5.0,0.0,0.1,12.0,13.2,11.0,-7.0,93.3,900.0,-4.0,10.0,947.34,0.0,0.0,2.0,283.0
284,832500.0,0.0,0.0,0.0,0.0,3.0,0.0,0.3,2.0,1.5,0.0,2.0,111.3,1121.0,-0.1,75.0,129.81,1.0,0.0,17.6,284.0
285,775000.0,0.0,0.0,0.0,0.0,0.0,0.0,1.1,3.0,12.2,3.0,8.0,112.2,1064.0,-0.6,65.0,697.62,1.0,0.0,11.2,285.0
286,4250000.0,1.0,0.0,0.0,0.0,16.0,0.0,4.7,39.0,73.3,21.0,3.0,109.2,1031.0,-3.4,60.0,2789.47,4.0,2.0,11.8,286.0
287,925000.0,1.0,0.0,0.0,0.0,1.0,0.0,1.1,1.0,23.5,7.0,-6.0,100.4,983.0,0.1,39.5,1435.14,0.0,0.0,6.8,287.0
288,925000.0,0.0,0.0,0.0,0.0,0.0,0.0,0.1,0.0,0.7,0.0,1.0,134.8,1257.0,-0.1,66.7,37.14,0.0,0.0,40.0,288.0
289,1000000.0,0.0,0.0,0.0,0.0,3.0,0.0,0.1,2.0,4.8,1.0,0.0,101.1,994.0,-1.3,40.0,452.44,1.0,0.0,4.5,289.0
290,692500.0,0.0,0.0,0.0,0.0,,0.0,0.0,,,0.0,0.0,,,0.6,0.0,,0.0,0.0,,290.0
291,900000.0,2.0,0.0,0.0,1.0,12.0,0.0,2.3,19.0,25.6,15.0,0.0,108.0,970.0,13.5,53.1,2406.63,3.0,1.0,6.1,291.0
292,575000.0,0.0,0.0,0.0,0.0,4.0,0.0,0.2,11.0,4.9,2.0,2.0,113.9,1008.0,3.0,64.7,551.41,0.0,0.0,9.6,292.0
293,667500.0,2.0,0.0,0.0,0.0,8.0,0.0,0.7,16.0,31.4,5.0,7.0,122.3,1023.0,5.6,59.7,1539.38,0.0,1.0,11.6,293.0
294,4000000.0,0.0,0.0,0.0,0.0,9.0,0.0,2.5,15.0,84.6,14.0,-22.0,102.1,968.0,-0.2,35.9,3009.78,1.0,0.0,7.7,294.0
295,650000.0,0.0,0.0,0.0,0.0,3.0,0.0,0.0,4.0,5.2,0.0,-2.0,106.8,958.0,-1.5,33.3,358.92,0.0,0.0,4.2,295.0
296,1200000.0,0.0,0.0,0.0,1.0,9.0,0.0,2.2,16.0,40.3,22.0,-1.0,105.5,998.0,-1.9,47.9,1809.0,0.0,0.0,7.9,296.0
297,667500.0,0.0,0.0,0.0,0.0,5.0,0.0,2.3,2.0,20.8,3.0,3.0,106.4,993.0,4.2,54.8,1995.97,0.0,1.0,6.5,297.0
298,667500.0,0.0,0.0,0.0,0.0,0.0,0.0,0.2,0.0,1.3,0.0,1.0,111.3,1050.0,0.1,66.7,108.32,0.0,0.0,8.3,298.0
299,6000000.0,0.0,0.0,0.0,0.0,1.0,0.0,5.5,32.0,97.2,8.0,22.0,112.4,1017.0,-0.9,55.4,2774.72,6.0,0.0,9.6,299.0
300,925000.0,0.0,0.0,0.0,0.0,7.0,0.0,0.8,39.0,24.1,9.0,1.0,112.6,991.0,6.6,53.5,2161.83,0.0,0.0,5.5,300.0
301,600000.0,1.0,0.0,0.0,0.0,9.0,0.0,1.0,32.0,38.2,10.0,-8.0,108.1,991.0,-2.0,51.9,2806.11,0.0,0.0,8.3,301.0
302,800000.0,2.0,0.0,0.0,0.0,14.0,0.0,1.9,35.0,60.4,8.0,9.0,111.0,1000.0,-1.2,43.0,3395.14,0.0,0.0,7.3,302.0
303,4500000.0,3.0,0.0,0.0,0.0,15.0,1.0,1.4,33.0,36.6,14.0,7.0,117.0,1021.0,9.7,66.2,2633.43,0.0,0.0,8.2,303.0
304,925000.0,0.0,0.0,0.0,0.0,5.0,0.0,0.4,13.0,21.0,6.0,2.0,107.6,1002.0,-2.6,39.3,1393.18,0.0,0.0,8.0,304.0
305,900000.0,0.0,0.0,0.0,0.0,0.0,0.0,-0.1,1.0,2.9,0.0,-3.0,105.8,1076.0,-1.3,33.3,124.41,0.0,0.0,25.0,305.0
306,675000.0,0.0,0.0,0.0,0.0,1.0,0.0,0.4,11.0,32.2,3.0,-13.0,110.2,971.0,-5.6,38.2,1836.49,0.0,0.0,7.9,306.0
307,6000000.0,7.0,1.0,0.0,0.0,30.0,0.0,1.7,64.0,60.0,14.0,-3.0,116.8,997.0,4.9,55.1,3068.69,5.0,3.0,10.1,307.0
308,600000.0,0.0,0.0,0.0,0.0,0.0,0.0,0.1,0.0,2.0,0.0,1.0,121.3,1032.0,1.1,100.0,266.72,0.0,0.0,3.2,308.0
309,1000000.0,1.0,0.0,0.0,0.0,2.0,0.0,1.0,12.0,45.8,5.0,5.0,117.3,1009.0,-5.0,47.1,2895.21,0.0,0.0,8.4,309.0
310,4000000.0,1.0,0.0,0.0,0.0,5.0,0.0,1.8,16.0,54.0,14.0,-12.0,116.3,995.0,3.1,54.5,2637.71,2.0,0.0,7.5,310.0
311,792500.0,0.0,0.0,0.0,0.0,0.0,0.0,0.0,2.0,1.7,0.0,-2.0,135.0,966.0,-0.8,33.3,109.3,0.0,0.0,8.3,311.0
312,1700000.0,2.0,0.0,0.0,0.0,14.0,0.0,1.3,23.0,52.0,10.0,-1.0,106.7,1004.0,6.1,49.0,3455.71,0.0,0.0,9.0,312.0
313,600000.0,0.0,0.0,0.0,0.0,0.0,0.0,0.0,0.0,3.9,0.0,-1.0,119.0,1060.0,-0.5,57.1,187.46,0.0,0.0,14.3,313.0
314,4000000.0,4.0,0.0,0.0,0.0,6.0,0.0,5.2,30.0,94.4,10.0,7.0,114.4,1018.0,5.4,55.6,2825.88,4.0,1.0,9.9,314.0
315,3667000.0,0.0,0.0,0.0,0.0,13.0,0.0,1.1,19.0,46.1,8.0,10.0,112.5,993.0,7.1,47.6,2359.71,1.0,0.0,7.9,315.0
316,832500.0,7.0,0.0,0.0,0.0,10.0,0.0,1.0,45.0,40.9,8.0,-13.0,107.2,1012.0,-1.5,59.7,2740.84,4.0,3.0,10.3,316.0
317,3000000.0,4.0,0.0,0.0,0.0,3.0,0.0,4.3,29.0,86.2,3.0,7.0,112.9,1014.0,7.3,56.7,3096.86,7.0,0.0,10.8,317.0
318,5400000.0,1.0,0.0,0.0,0.0,10.0,0.0,3.9,32.0,80.9,11.0,6.0,109.0,994.0,6.9,50.0,2741.9,3.0,1.0,8.6,318.0
319,5000000.0,3.0,0.0,0.0,0.0,18.0,0.0,1.4,17.0,41.6,24.0,6.0,113.4,999.0,7.3,61.0,2988.29,2.0,0.0,9.5,319.0
320,1650000.0,0.0,0.0,0.0,0.0,1.0,0.0,0.5,3.0,11.9,6.0,-4.0,106.0,993.0,-6.1,43.5,1036.23,0.0,0.0,6.8,320.0
321,792500.0,1.0,0.0,0.0,0.0,12.0,0.0,6.2,54.0,70.9,10.0,23.0,106.9,1014.0,9.8,55.5,2991.62,1.0,1.0,10.0,321.0
322,925000.0,0.0,0.0,0.0,0.0,0.0,0.0,0.0,0.0,0.4,0.0,0.0,78.7,1000.0,0.0,0.0,39.78,0.0,0.0,0.0,322.0
323,3500000.0,0.0,0.0,0.0,0.0,3.0,0.0,0.9,21.0,25.6,6.0,4.0,103.8,1026.0,-2.5,59.1,1986.07,0.0,0.0,9.0,323.0
324,4000000.0,1.0,0.0,0.0,0.0,8.0,0.0,1.4,23.0,34.6,9.0,7.0,112.2,1020.0,5.4,61.0,2832.86,0.0,1.0,10.4,324.0
325,2600000.0,2.0,0.0,0.0,0.0,10.0,0.0,1.6,54.0,64.0,9.0,10.0,108.1,1033.0,-13.7,52.2,3198.58,2.0,0.0,13.2,325.0
326,3500000.0,2.0,0.0,0.0,0.0,22.0,1.0,0.7,31.0,58.6,24.0,-17.0,113.0,977.0,-4.4,46.5,2896.13,0.0,0.0,8.8,326.0
327,925000.0,0.0,0.0,0.0,2.0,4.0,0.0,0.4,4.0,34.2,6.0,-13.0,119.4,997.0,-7.6,49.1,1464.97,1.0,0.0,7.1,327.0
328,575000.0,0.0,0.0,0.0,0.0,0.0,0.0,0.0,2.0,0.8,1.0,-2.0,88.2,818.0,-0.3,0.0,127.41,0.0,0.0,0.0,328.0
329,620000.0,0.0,1.0,0.0,0.0,13.0,0.0,0.7,18.0,39.3,4.0,4.0,117.0,1007.0,2.2,50.6,2297.77,0.0,0.0,9.8,329.0
330,2500000.0,1.0,0.0,0.0,0.0,9.0,0.0,2.5,7.0,39.4,14.0,1.0,103.7,977.0,10.2,45.5,2163.88,0.0,0.0,7.3,330.0
331,3800000.0,7.0,0.0,0.0,1.0,7.0,0.0,2.2,45.0,45.9,18.0,17.0,113.0,1046.0,-1.2,69.8,2891.54,7.0,2.0,11.6,331.0
332,792500.0,0.0,0.0,0.0,0.0,0.0,0.0,1.1,7.0,14.2,1.0,1.0,101.7,1005.0,0.1,56.5,958.64,2.0,0.0,6.1,332.0
333,575000.0,0.0,0.0,0.0,0.0,2.0,0.0,0.0,0.0,1.4,3.0,0.0,107.2,1067.0,0.1,100.0,123.67,0.0,0.0,6.7,333.0
334,575000.0,0.0,0.0,0.0,0.0,6.0,0.0,1.1,12.0,30.0,5.0,11.0,102.9,1042.0,-2.5,57.1,2448.93,0.0,0.0,9.6,334.0
335,742500.0,1.0,0.0,0.0,0.0,5.0,0.0,0.6,9.0,10.8,1.0,5.0,104.2,1038.0,2.4,64.0,1249.39,0.0,0.0,9.5,335.0
336,5750000.0,5.0,0.0,0.0,0.0,21.0,1.0,1.1,55.0,77.0,22.0,-9.0,120.1,987.0,-6.5,51.5,3104.14,1.0,6.0,10.1,336.0
337,800000.0,0.0,0.0,0.0,0.0,0.0,0.0,0.0,0.0,1.1,1.0,-1.0,107.2,933.0,-0.7,0.0,92.74,0.0,0.0,0.0,337.0
338,675000.0,0.0,0.0,0.0,0.0,1.0,0.0,0.0,4.0,5.6,2.0,-5.0,93.8,915.0,-3.5,20.0,363.54,0.0,0.0,4.7,338.0
339,4050000.0,1.0,0.0,0.0,0.0,7.0,0.0,5.1,44.0,72.4,17.0,24.0,119.0,1041.0,7.8,66.7,2997.16,3.0,1.0,10.7,339.0
340,742500.0,2.0,0.0,0.0,0.0,6.0,0.0,0.6,20.0,25.4,8.0,1.0,107.5,1014.0,-1.1,52.9,2436.61,0.0,0.0,6.8,340.0
341,575000.0,0.0,0.0,0.0,0.0,0.0,0.0,0.0,0.0,0.7,0.0,-1.0,83.3,833.0,0.5,33.3,40.25,0.0,0.0,16.7,341.0
342,2600000.0,0.0,0.0,0.0,0.0,10.0,0.0,0.5,13.0,32.1,11.0,-11.0,105.8,952.0,0.6,33.3,3057.83,2.0,0.0,5.8,342.0
343,800000.0,1.0,0.0,0.0,0.0,2.0,0.0,0.3,1.0,8.8,4.0,-4.0,108.4,969.0,-0.5,33.3,661.03,0.0,0.0,3.3,343.0
344,832500.0,0.0,0.0,0.0,0.0,4.0,0.0,0.5,1.0,14.9,4.0,-4.0,105.2,981.0,-1.1,41.4,1106.85,0.0,0.0,7.0,344.0
345,925000.0,1.0,0.0,0.0,0.0,2.0,0.0,0.6,12.0,11.0,5.0,5.0,103.6,1029.0,2.3,66.7,1042.06,0.0,0.0,7.4,345.0
346,4400000.0,0.0,0.0,0.0,0.0,13.0,0.0,0.9,21.0,36.8,16.0,-6.0,106.1,1000.0,-0.4,52.1,2690.35,0.0,0.0,10.0,346.0
347,2400000.0,1.0,0.0,0.0,0.0,7.0,0.0,2.3,13.0,75.7,20.0,-13.0,110.1,986.0,-6.6,39.1,2809.05,0.0,1.0,8.0,347.0
348,5000000.0,4.0,0.0,0.0,0.0,5.0,0.0,1.0,18.0,27.5,5.0,-4.0,107.4,1017.0,2.9,64.0,3390.74,1.0,0.0,8.5,348.0
349,2500000.0,3.0,0.0,0.0,1.0,20.0,0.0,4.7,37.0,75.8,7.0,17.0,115.7,1031.0,-5.3,57.1,2562.48,10.0,1.0,10.4,349.0
350,600000.0,1.0,0.0,0.0,0.0,1.0,0.0,0.1,5.0,4.8,2.0,-1.0,94.2,973.0,-0.2,50.0,595.61,0.0,0.0,6.8,350.0
351,600000.0,0.0,0.0,0.0,0.0,11.0,0.0,0.7,10.0,35.9,8.0,-2.0,113.9,981.0,-6.3,34.5,2283.22,0.0,0.0,7.0,351.0
352,1250000.0,0.0,0.0,0.0,0.0,14.0,0.0,0.3,12.0,36.1,17.0,-15.0,101.4,952.0,-6.3,22.2,2551.18,0.0,0.0,5.6,352.0
353,925000.0,1.0,0.0,0.0,0.0,3.0,0.0,0.0,3.0,3.4,0.0,-3.0,97.1,934.0,1.3,28.6,429.52,0.0,0.0,3.6,353.0
354,1750000.0,0.0,0.0,0.0,1.0,10.0,0.0,1.1,14.0,49.3,16.0,-7.0,112.5,1000.0,0.0,51.0,3057.54,1.0,0.0,8.5,354.0
355,575000.0,0.0,0.0,0.0,0.0,0.0,0.0,0.9,5.0,7.4,1.0,6.0,99.7,1022.0,3.6,63.2,584.31,0.0,0.0,12.2,355.0
356,2000000.0,0.0,0.0,0.0,0.0,4.0,0.0,0.2,3.0,10.8,10.0,-3.0,108.8,979.0,-2.3,35.0,1189.98,0.0,0.0,7.2,356.0
357,650000.0,1.0,0.0,0.0,0.0,7.0,0.0,1.2,20.0,50.3,13.0,-10.0,114.1,974.0,2.7,42.0,2326.99,1.0,0.0,7.4,357.0
358,3500000.0,0.0,0.0,0.0,0.0,13.0,0.0,0.7,16.0,29.8,19.0,0.0,104.8,1003.0,-3.3,47.6,3460.79,0.0,0.0,6.5,358.0
359,2000000.0,3.0,0.0,0.0,0.0,10.0,0.0,1.5,18.0,44.5,15.0,-6.0,101.8,973.0,6.8,44.4,3450.68,0.0,0.0,6.6,359.0
360,1200000.0,0.0,0.0,0.0,0.0,3.0,0.0,2.9,26.0,66.6,8.0,8.0,112.9,1004.0,-0.3,45.9,2706.94,0.0,0.0,8.1,360.0
361,3550000.0,1.0,0.0,0.0,0.0,8.0,0.0,0.8,25.0,51.5,18.0,0.0,115.8,1002.0,1.6,52.3,2901.78,0.0,0.0,7.4,361.0
362,832500.0,0.0,0.0,0.0,0.0,0.0,0.0,0.0,1.0,0.7,0.0,0.0,97.5,778.0,1.4,50.0,70.55,0.0,0.0,11.1,362.0
363,767500.0,0.0,0.0,0.0,0.0,0.0,0.0,0.0,5.0,3.5,1.0,-3.0,106.0,933.0,-0.5,0.0,309.27,0.0,0.0,0.0,363.0
364,875000.0,4.0,0.0,0.0,0.0,11.0,0.0,1.4,15.0,34.5,14.0,11.0,114.2,1022.0,4.1,61.9,3190.73,0.0,0.0,7.9,364.0
365,6000000.0,3.0,0.0,0.0,0.0,11.0,0.0,1.7,38.0,54.5,25.0,1.0,116.7,999.0,5.2,58.4,3272.5,1.0,0.0,9.4,365.0
366,6750000.0,1.0,0.0,0.0,1.0,17.0,0.0,2.1,62.0,49.2,13.0,7.0,119.0,1016.0,7.3,64.9,3075.94,0.0,1.0,10.1,366.0
367,792500.0,2.0,0.0,0.0,0.0,18.0,0.0,1.7,14.0,62.1,11.0,7.0,115.2,1022.0,-9.7,50.5,3220.83,1.0,0.0,9.7,367.0
368,2700000.0,1.0,0.0,0.0,0.0,8.0,0.0,2.0,20.0,61.4,16.0,7.0,120.0,1013.0,3.1,50.0,2176.72,5.0,1.0,9.8,368.0
369,575000.0,0.0,0.0,0.0,0.0,15.0,0.0,1.6,24.0,43.3,17.0,14.0,103.3,1010.0,-1.6,45.5,3308.85,0.0,0.0,8.5,369.0
370,4750000.0,1.0,0.0,0.0,0.0,8.0,0.0,3.3,8.0,66.9,12.0,-5.0,110.0,973.0,0.7,35.2,2632.47,2.0,0.0,6.5,370.0
371,575000.0,0.0,0.0,0.0,0.0,2.0,0.0,0.6,1.0,17.7,10.0,-1.0,114.2,1010.0,-4.4,46.9,1112.5,0.0,0.0,9.4,371.0
372,575000.0,0.0,0.0,0.0,0.0,0.0,0.0,0.0,2.0,1.5,0.0,-1.0,98.6,818.0,-0.6,0.0,86.38,0.0,0.0,0.0,372.0
373,832500.0,1.0,0.0,0.0,1.0,1.0,0.0,0.3,5.0,8.9,4.0,2.0,103.7,1015.0,-1.0,43.8,937.39,0.0,0.0,10.0,373.0
374,6000000.0,8.0,0.0,0.0,0.0,12.0,1.0,0.9,37.0,64.5,11.0,-15.0,120.8,995.0,-5.7,57.6,3185.47,5.0,1.0,10.7,374.0
375,2825000.0,0.0,0.0,0.0,0.0,0.0,0.0,2.4,8.0,57.7,12.0,3.0,107.3,1009.0,-3.9,46.7,2257.93,0.0,0.0,9.0,375.0
376,3600000.0,0.0,0.0,0.0,0.0,9.0,0.0,4.0,19.0,74.7,15.0,-1.0,103.1,1000.0,-10.4,40.4,3046.77,0.0,0.0,7.8,376.0
377,600000.0,0.0,0.0,0.0,0.0,1.0,0.0,-0.1,1.0,2.5,1.0,-3.0,95.6,886.0,-0.2,20.0,254.87,0.0,0.0,3.4,377.0
378,600000.0,0.0,0.0,0.0,0.0,0.0,0.0,0.4,5.0,15.3,7.0,-3.0,109.2,978.0,-2.1,38.1,874.35,0.0,0.0,4.8,378.0
379,7000000.0,1.0,0.0,0.0,0.0,6.0,0.0,3.2,13.0,65.8,7.0,11.0,118.7,1006.0,0.4,51.8,2547.54,5.0,0.0,8.4,379.0
380,874125.0,1.0,0.0,0.0,0.0,0.0,0.0,0.1,0.0,3.2,0.0,0.0,104.1,1035.0,-0.8,33.3,163.61,0.0,0.0,10.0,380.0
381,1000000.0,2.0,0.0,0.0,0.0,7.0,0.0,0.6,5.0,17.7,12.0,-3.0,102.0,983.0,-1.0,44.0,1861.15,1.0,0.0,5.4,381.0
382,925000.0,4.0,0.0,0.0,0.0,22.0,0.0,1.0,38.0,50.0,11.0,-13.0,119.3,1013.0,-5.5,57.9,2359.66,4.0,1.0,9.7,382.0
383,1100000.0,0.0,0.0,0.0,0.0,16.0,0.0,2.0,6.0,37.4,32.0,-3.0,110.6,975.0,3.0,38.7,2828.65,1.0,0.0,5.4,383.0
384,925000.0,0.0,0.0,0.0,0.0,1.0,0.0,-0.1,3.0,5.4,0.0,-5.0,122.4,928.0,-2.6,22.2,288.33,0.0,1.0,3.7,384.0
385,600000.0,6.0,0.0,0.0,0.0,11.0,0.0,1.1,19.0,29.7,5.0,9.0,116.3,1008.0,0.3,53.8,2917.09,1.0,1.0,8.0,385.0
386,4000000.0,2.0,0.0,0.0,0.0,13.0,0.0,3.6,15.0,71.4,22.0,-21.0,113.4,964.0,4.8,46.4,3084.88,5.0,1.0,7.3,386.0
387,1800000.0,2.0,0.0,0.0,0.0,17.0,0.0,1.5,30.0,44.5,12.0,15.0,98.8,1011.0,-0.8,49.2,3060.9,0.0,0.0,8.8,387.0
388,650000.0,0.0,0.0,0.0,0.0,0.0,0.0,-0.1,0.0,0.5,0.0,-3.0,86.5,700.0,-0.2,0.0,74.31,0.0,0.0,0.0,388.0
389,4100000.0,2.0,0.0,0.0,0.0,8.0,0.0,3.8,23.0,78.5,10.0,12.0,105.5,1005.0,-2.6,44.0,2631.61,3.0,0.0,9.2,389.0
390,742500.0,0.0,0.0,0.0,0.0,0.0,0.0,0.0,0.0,0.8,0.0,-1.0,122.8,1139.0,-1.0,50.0,38.49,0.0,0.0,25.0,390.0
391,1500000.0,1.0,0.0,1.0,0.0,10.0,0.0,1.2,21.0,50.3,23.0,4.0,104.6,1006.0,-1.5,46.8,3344.08,1.0,0.0,8.7,391.0
392,4250000.0,2.0,0.0,0.0,0.0,9.0,0.0,4.5,28.0,54.8,8.0,18.0,113.1,1024.0,8.1,60.2,2355.96,4.0,0.0,9.1,392.0
393,832500.0,4.0,0.0,0.0,0.0,13.0,0.0,1.7,37.0,75.5,11.0,-7.0,111.0,996.0,-2.3,44.4,3398.59,0.0,0.0,10.1,393.0
394,575000.0,0.0,0.0,0.0,0.0,0.0,0.0,0.0,5.0,2.5,0.0,-2.0,105.0,917.0,-1.0,0.0,245.7,0.0,0.0,0.0,394.0
395,600000.0,0.0,0.0,0.0,0.0,0.0,0.0,0.1,0.0,1.1,0.0,2.0,113.4,1133.0,0.0,100.0,160.46,0.0,0.0,13.3,395.0
396,925000.0,0.0,0.0,0.0,0.0,0.0,0.0,0.1,0.0,0.8,0.0,1.0,117.5,1167.0,-0.1,100.0,37.09,0.0,0.0,16.7,396.0
397,725000.0,0.0,0.0,0.0,0.0,1.0,0.0,0.0,1.0,1.5,2.0,-2.0,107.2,935.0,0.0,25.0,196.93,0.0,0.0,2.9,397.0
398,4000000.0,0.0,0.0,0.0,0.0,1.0,0.0,0.2,9.0,8.3,0.0,-1.0,109.0,1002.0,3.3,53.8,633.73,0.0,0.0,6.6,398.0
399,650000.0,0.0,0.0,0.0,0.0,5.0,0.0,0.1,4.0,5.2,4.0,-1.0,94.7,989.0,-1.7,42.9,565.53,1.0,0.0,4.9,399.0
400,645000.0,0.0,0.0,0.0,0.0,1.0,0.0,-0.1,1.0,4.0,2.0,-4.0,124.8,908.0,-0.1,25.0,270.98,0.0,0.0,3.3,400.0
401,800000.0,0.0,0.0,0.0,0.0,0.0,0.0,0.0,1.0,2.7,2.0,-2.0,95.5,963.0,-1.7,25.0,241.92,0.0,0.0,6.7,401.0
402,4500000.0,0.0,0.0,0.0,0.0,17.0,0.0,2.1,49.0,43.9,5.0,13.0,107.1,1014.0,5.2,62.5,2469.46,6.0,0.0,9.4,402.0
403,4500000.0,2.0,0.0,0.0,0.0,10.0,0.0,1.2,52.0,55.9,14.0,-1.0,122.5,1020.0,-0.7,59.9,3168.08,0.0,0.0,11.2,403.0
404,2500000.0,0.0,0.0,0.0,0.0,3.0,0.0,3.8,18.0,86.0,17.0,-7.0,102.0,984.0,-6.9,34.3,2981.17,1.0,0.0,5.8,404.0
405,2250000.0,1.0,0.0,0.0,0.0,17.0,0.0,2.2,16.0,70.0,15.0,-1.0,119.8,1000.0,-3.4,46.5,3081.98,0.0,1.0,9.2,405.0
406,575000.0,0.0,0.0,0.0,0.0,1.0,0.0,0.3,2.0,6.5,4.0,1.0,119.8,998.0,1.8,50.0,481.4,1.0,0.0,7.7,406.0
407,2500000.0,0.0,0.0,0.0,0.0,2.0,0.0,1.2,3.0,14.1,7.0,3.0,104.9,1024.0,-1.6,60.0,1061.41,1.0,0.0,6.3,407.0
408,817500.0,0.0,0.0,0.0,0.0,0.0,0.0,0.1,0.0,3.8,0.0,0.0,98.7,1052.0,-1.2,50.0,283.2,0.0,0.0,12.0,408.0
409,575000.0,0.0,0.0,0.0,0.0,3.0,0.0,1.8,9.0,35.8,10.0,1.0,111.0,1001.0,-4.1,49.3,2863.79,0.0,0.0,8.3,409.0
410,575000.0,0.0,0.0,0.0,0.0,0.0,0.0,0.3,11.0,13.6,2.0,2.0,105.3,1018.0,1.4,52.6,1149.28,0.0,0.0,7.9,410.0
411,2500000.0,0.0,0.0,0.0,0.0,4.0,0.0,2.8,25.0,82.3,8.0,-8.0,112.6,986.0,-2.1,40.2,2604.66,1.0,0.0,7.4,411.0
412,800000.0,0.0,0.0,0.0,0.0,4.0,0.0,2.3,16.0,44.5,7.0,-5.0,107.0,1003.0,-1.8,52.6,2320.95,0.0,0.0,7.4,412.0
413,925000.0,0.0,0.0,0.0,0.0,7.0,0.0,2.0,3.0,19.4,7.0,11.0,116.5,1050.0,4.2,76.0,1034.27,2.0,0.0,7.8,413.0
414,3900000.0,1.0,0.0,0.0,0.0,7.0,0.0,2.8,7.0,60.5,19.0,-3.0,109.0,987.0,-6.3,35.9,2496.45,1.0,0.0,5.6,414.0
415,575000.0,0.0,0.0,0.0,0.0,0.0,0.0,0.0,0.0,0.4,0.0,0.0,89.9,,-0.6,0.0,40.69,0.0,0.0,,415.0
416,7500000.0,2.0,0.0,0.0,0.0,11.0,0.0,3.9,16.0,87.7,39.0,-6.0,116.3,1000.0,-4.9,48.5,2997.11,4.0,0.0,8.8,416.0
417,575000.0,0.0,0.0,0.0,0.0,5.0,0.0,0.1,7.0,9.4,5.0,-2.0,110.2,1006.0,-3.7,41.7,953.89,0.0,0.0,6.3,417.0
418,4000000.0,2.0,0.0,0.0,0.0,11.0,0.0,1.4,47.0,54.8,4.0,7.0,108.9,1011.0,0.4,50.5,3085.86,6.0,2.0,9.6,418.0
419,5600000.0,1.0,0.0,0.0,0.0,2.0,0.0,4.6,11.0,81.8,14.0,6.0,103.4,1013.0,-3.1,46.1,2823.03,1.0,0.0,9.9,419.0
420,925000.0,0.0,0.0,0.0,0.0,0.0,0.0,0.2,1.0,3.4,0.0,1.0,113.8,1099.0,-2.1,60.0,155.2,0.0,0.0,15.8,420.0
421,3200000.0,0.0,0.0,0.0,0.0,0.0,0.0,0.2,0.0,2.9,0.0,1.0,106.5,1016.0,-0.9,50.0,111.96,0.0,0.0,4.5,421.0
422,650000.0,0.0,0.0,0.0,0.0,1.0,0.0,0.8,3.0,18.5,6.0,0.0,110.1,1010.0,1.1,50.0,1557.8,0.0,1.0,9.1,422.0
423,2100000.0,2.0,0.0,0.0,0.0,5.0,0.0,0.7,41.0,73.4,8.0,-5.0,110.8,993.0,-4.5,44.7,3403.59,0.0,0.0,7.8,423.0
424,4500000.0,0.0,0.0,0.0,0.0,4.0,0.0,0.4,18.0,48.6,12.0,-26.0,112.1,959.0,-9.6,28.2,1744.37,2.0,0.0,4.2,424.0
425,3250000.0,2.0,0.0,0.0,0.0,12.0,0.0,1.8,37.0,45.1,25.0,14.0,108.7,1026.0,10.2,66.4,3242.63,3.0,0.0,10.0,425.0
426,1100000.0,1.0,0.0,0.0,0.0,5.0,0.0,0.6,29.0,39.0,9.0,-8.0,104.3,962.0,-4.3,27.8,2869.53,2.0,0.0,6.1,426.0
427,575000.0,0.0,0.0,0.0,0.0,5.0,0.0,0.2,6.0,4.0,2.0,0.0,93.9,1023.0,0.2,62.5,471.98,0.0,0.0,7.8,427.0
428,2750000.0,0.0,0.0,0.0,1.0,5.0,0.0,1.1,13.0,26.7,6.0,1.0,104.5,980.0,7.0,51.6,2474.29,0.0,0.0,7.8,428.0
429,775000.0,0.0,0.0,0.0,0.0,2.0,0.0,0.1,2.0,13.3,4.0,-6.0,96.2,982.0,-6.0,28.6,1688.64,0.0,0.0,3.7,429.0
430,715000.0,1.0,0.0,0.0,0.0,2.0,0.0,0.1,7.0,12.3,8.0,-10.0,106.5,993.0,-0.5,50.0,1058.5,1.0,1.0,8.8,430.0
431,875000.0,4.0,0.0,0.0,0.0,13.0,1.0,0.4,39.0,43.7,10.0,-8.0,109.9,985.0,-2.0,38.9,2303.64,0.0,1.0,7.2,431.0
432,2200000.0,3.0,0.0,0.0,1.0,9.0,0.0,0.7,23.0,49.7,14.0,-4.0,106.8,995.0,-5.7,41.1,2741.63,0.0,1.0,8.5,432.0
433,1000000.0,4.0,0.0,0.0,1.0,12.0,0.0,3.9,16.0,62.5,12.0,8.0,113.5,1031.0,0.0,58.6,2833.18,2.0,1.0,10.7,433.0
434,1300000.0,3.0,0.0,0.0,0.0,7.0,1.0,0.0,21.0,28.3,11.0,-16.0,115.0,966.0,-7.0,36.5,1996.98,0.0,1.0,6.3,434.0
435,1100000.0,0.0,0.0,0.0,0.0,8.0,0.0,2.1,14.0,69.6,14.0,-4.0,120.9,960.0,-2.3,34.5,2790.55,3.0,1.0,6.5,435.0
436,4875000.0,0.0,0.0,0.0,0.0,8.0,0.0,-0.1,14.0,56.8,10.0,-21.0,116.1,979.0,-9.3,35.4,1856.79,2.0,0.0,8.0,436.0
437,925000.0,0.0,0.0,0.0,0.0,2.0,0.0,0.1,1.0,4.3,1.0,-1.0,101.5,986.0,-0.6,33.3,391.0,0.0,0.0,2.1,437.0
438,3200000.0,8.0,0.0,0.0,0.0,17.0,0.0,2.3,43.0,54.0,6.0,23.0,109.7,1040.0,16.5,59.9,3295.08,1.0,1.0,12.5,438.0
439,925000.0,2.0,1.0,0.0,0.0,7.0,0.0,2.0,31.0,59.5,13.0,-22.0,103.1,983.0,-11.6,44.5,2691.79,1.0,0.0,7.3,439.0
440,2600000.0,2.0,0.0,0.0,0.0,7.0,0.0,1.1,21.0,45.3,11.0,-5.0,109.4,1013.0,-3.9,56.7,2747.36,1.0,0.0,10.7,440.0
441,2300000.0,2.0,0.0,0.0,0.0,9.0,0.0,4.2,32.0,87.3,29.0,26.0,114.9,1013.0,6.0,49.7,2909.04,0.0,1.0,10.3,441.0
442,900000.0,0.0,0.0,0.0,0.0,9.0,0.0,1.5,31.0,47.7,22.0,2.0,105.9,981.0,1.2,38.4,3527.1,1.0,0.0,7.5,442.0
443,925000.0,0.0,0.0,0.0,0.0,11.0,0.0,1.3,33.0,91.2,19.0,-22.0,120.7,995.0,-6.8,47.5,3062.86,0.0,0.0,9.1,443.0
444,1250000.0,1.0,0.0,0.0,0.0,5.0,0.0,3.4,18.0,67.4,23.0,4.0,105.0,996.0,-6.0,43.0,2785.54,3.0,0.0,7.6,444.0
445,675000.0,0.0,0.0,0.0,0.0,3.0,0.0,0.2,9.0,26.2,2.0,-7.0,114.9,960.0,-2.7,22.2,1715.42,0.0,0.0,5.2,445.0
446,635000.0,0.0,0.0,0.0,0.0,1.0,0.0,-0.1,0.0,1.4,2.0,-4.0,95.6,778.0,0.3,0.0,130.4,0.0,0.0,0.0,446.0
447,632500.0,0.0,0.0,0.0,0.0,0.0,0.0,0.0,0.0,0.7,0.0,-1.0,104.3,833.0,-0.6,0.0,40.65,0.0,0.0,0.0,447.0
448,575000.0,0.0,0.0,0.0,0.0,0.0,0.0,0.0,0.0,0.0,0.0,0.0,124.0,1000.0,0.4,0.0,45.4,0.0,0.0,0.0,448.0
449,575000.0,0.0,0.0,0.0,0.0,2.0,0.0,0.4,1.0,5.8,7.0,2.0,117.0,1001.0,2.1,54.5,434.49,0.0,0.0,7.1,449.0
450,792500.0,1.0,0.0,0.0,0.0,1.0,0.0,2.3,9.0,40.6,3.0,7.0,107.2,1020.0,-3.6,56.1,2474.78,1.0,0.0,7.9,450.0
451,4300000.0,6.0,0.0,0.0,1.0,17.0,0.0,1.2,38.0,59.6,31.0,-18.0,123.0,990.0,3.2,56.3,3373.26,1.0,1.0,9.4,451.0
452,2000000.0,0.0,0.0,0.0,0.0,5.0,0.0,1.5,11.0,19.0,2.0,1.0,105.0,987.0,3.1,51.3,1462.97,0.0,0.0,6.6,452.0
453,832500.0,0.0,0.0,0.0,0.0,0.0,0.0,-0.1,3.0,9.4,2.0,-4.0,110.4,980.0,-1.8,36.4,444.39,0.0,0.0,5.4,453.0
454,4000000.0,1.0,0.0,0.0,0.0,17.0,0.0,3.5,13.0,75.5,19.0,0.0,109.5,997.0,-12.3,43.8,3070.97,2.0,0.0,8.5,454.0
455,8750000.0,6.0,0.0,0.0,0.0,6.0,0.0,2.5,64.0,52.4,12.0,12.0,116.8,1000.0,20.3,63.1,3197.0,4.0,0.0,9.7,455.0
456,5500000.0,0.0,0.0,0.0,0.0,9.0,0.0,2.8,19.0,70.8,19.0,-14.0,103.8,986.0,-10.4,44.3,3167.7,4.0,0.0,8.1,456.0
457,1125000.0,1.0,0.0,0.0,1.0,13.0,0.0,1.0,11.0,24.7,17.0,4.0,97.2,1022.0,1.5,55.3,3203.75,0.0,0.0,8.6,457.0
458,1050000.0,0.0,0.0,0.0,0.0,2.0,0.0,2.1,4.0,17.5,5.0,11.0,102.3,1005.0,6.7,53.5,1544.78,0.0,0.0,9.6,458.0
459,700000.0,0.0,0.0,0.0,0.0,0.0,0.0,1.4,4.0,15.8,2.0,5.0,111.7,991.0,5.8,51.9,1297.89,2.0,0.0,6.3,459.0
460,5250000.0,3.0,0.0,0.0,0.0,5.0,0.0,1.4,11.0,57.8,13.0,-17.0,111.6,978.0,-4.0,38.2,2066.16,1.0,0.0,6.3,460.0
461,5000000.0,7.0,0.0,0.0,0.0,21.0,0.0,1.7,47.0,71.8,8.0,-14.0,117.0,981.0,0.5,48.0,3255.37,0.0,0.0,8.8,461.0
462,625000.0,0.0,0.0,0.0,0.0,6.0,0.0,0.6,4.0,18.1,3.0,2.0,97.1,1025.0,-2.1,52.6,1896.96,0.0,0.0,7.1,462.0
463,4500000.0,1.0,0.0,0.0,0.0,6.0,0.0,3.3,28.0,81.2,16.0,-14.0,110.7,970.0,-12.0,35.9,3000.7,2.0,0.0,7.3,463.0
464,950000.0,0.0,0.0,0.0,1.0,5.0,0.0,0.9,6.0,32.5,15.0,-5.0,111.3,979.0,-2.5,39.1,1540.08,0.0,0.0,5.7,464.0
465,1100000.0,4.0,0.0,0.0,0.0,19.0,0.0,2.1,25.0,65.5,12.0,13.0,112.7,1001.0,2.9,45.1,3403.56,1.0,0.0,8.2,465.0
466,595000.0,0.0,0.0,0.0,0.0,1.0,0.0,0.1,2.0,2.5,0.0,1.0,125.7,1010.0,0.2,57.1,366.96,0.0,0.0,8.5,466.0
467,4500000.0,0.0,0.0,0.0,0.0,7.0,0.0,1.0,22.0,53.2,13.0,-11.0,110.4,1020.0,-8.6,51.9,3096.11,1.0,0.0,9.8,467.0
468,1250000.0,1.0,0.0,0.0,0.0,8.0,0.0,0.6,21.0,38.8,15.0,-18.0,105.5,961.0,4.0,45.5,2682.32,1.0,0.0,7.1,468.0
469,692500.0,1.0,0.0,0.0,0.0,6.0,0.0,0.4,8.0,15.4,2.0,0.0,115.0,1024.0,-3.7,52.4,1246.52,0.0,0.0,7.2,469.0
470,925000.0,0.0,0.0,0.0,0.0,4.0,0.0,0.8,17.0,35.5,3.0,-5.0,106.0,1000.0,-10.4,45.0,1680.58,0.0,0.0,8.5,470.0
471,4838000.0,1.0,0.0,0.0,0.0,14.0,0.0,3.1,57.0,79.5,12.0,-16.0,102.1,982.0,2.2,47.6,2984.81,1.0,0.0,8.7,471.0
472,750000.0,6.0,0.0,0.0,0.0,13.0,0.0,0.8,64.0,47.8,19.0,-21.0,111.1,986.0,-9.7,52.3,2993.14,6.0,0.0,9.0,472.0
473,5200000.0,1.0,0.0,0.0,0.0,12.0,0.0,1.5,31.0,50.7,5.0,0.0,115.0,988.0,2.7,49.0,3507.77,0.0,1.0,8.1,473.0
474,600000.0,2.0,0.0,0.0,0.0,3.0,0.0,0.9,11.0,18.5,7.0,6.0,97.8,1017.0,0.8,57.1,1726.68,0.0,1.0,7.0,474.0
475,925000.0,1.0,0.0,0.0,0.0,3.0,0.0,1.1,20.0,30.9,9.0,8.0,104.8,997.0,6.8,46.4,2639.49,1.0,1.0,7.7,475.0
476,4750000.0,4.0,0.0,0.0,0.0,17.0,1.0,1.4,30.0,38.6,14.0,16.0,118.7,1039.0,13.5,72.4,2742.78,0.0,1.0,11.0,476.0
477,650000.0,6.0,0.0,0.0,0.0,12.0,0.0,1.4,40.0,66.3,5.0,3.0,117.3,1027.0,-1.7,54.5,3427.38,0.0,1.0,10.5,477.0
478,4500000.0,3.0,0.0,0.0,0.0,15.0,2.0,1.3,45.0,72.4,14.0,-20.0,107.0,992.0,-5.4,45.0,3358.58,0.0,0.0,9.3,478.0
479,800000.0,0.0,0.0,0.0,0.0,12.0,0.0,0.4,27.0,30.9,3.0,-11.0,110.6,969.0,-4.5,38.6,2368.54,0.0,0.0,7.7,479.0
480,925000.0,0.0,0.0,0.0,0.0,1.0,0.0,0.2,7.0,8.7,1.0,-3.0,101.4,982.0,-2.2,38.5,948.38,0.0,0.0,5.3,480.0
481,1000000.0,1.0,0.0,0.0,0.0,8.0,0.0,1.1,29.0,42.2,7.0,6.0,104.7,1011.0,-1.0,47.4,2871.35,0.0,0.0,9.5,481.0
482,2000000.0,0.0,0.0,0.0,0.0,9.0,0.0,1.2,22.0,39.2,8.0,3.0,108.2,1007.0,3.5,53.6,3168.57,0.0,0.0,9.1,482.0
483,925000.0,4.0,0.0,0.0,0.0,12.0,1.0,3.9,48.0,81.8,18.0,-5.0,109.5,992.0,-6.3,43.5,3059.35,1.0,0.0,7.3,483.0
484,600000.0,1.0,0.0,0.0,0.0,5.0,0.0,0.3,6.0,15.1,2.0,-5.0,96.6,977.0,0.2,44.4,1515.08,0.0,0.0,5.6,484.0
485,832500.0,2.0,0.0,0.0,0.0,8.0,0.0,0.1,7.0,13.8,2.0,-8.0,99.8,965.0,-1.9,33.3,1531.25,0.0,0.0,6.3,485.0
486,575000.0,0.0,0.0,0.0,0.0,0.0,0.0,0.0,0.0,0.4,0.0,-1.0,89.7,500.0,-0.2,0.0,45.99,0.0,0.0,0.0,486.0
487,3500000.0,2.0,0.0,0.0,0.0,5.0,0.0,5.8,22.0,83.9,21.0,33.0,115.4,1032.0,6.8,58.3,2674.92,0.0,0.0,9.0,487.0
488,1750000.0,0.0,0.0,0.0,0.0,6.0,0.0,2.4,7.0,62.1,12.0,-7.0,106.5,994.0,-10.9,39.6,2398.38,2.0,0.0,8.9,488.0
489,875000.0,2.0,0.0,0.0,0.0,7.0,0.0,1.7,49.0,51.8,15.0,5.0,115.4,991.0,11.6,50.5,3383.76,1.0,0.0,7.7,489.0
490,1000000.0,3.0,0.0,0.0,0.0,7.0,0.0,0.9,13.0,17.1,8.0,5.0,98.2,1010.0,3.7,58.3,1946.62,1.0,0.0,7.7,490.0
491,575000.0,0.0,0.0,0.0,0.0,9.0,0.0,0.5,6.0,12.9,7.0,1.0,103.6,1014.0,-0.2,53.3,1649.17,0.0,0.0,5.4,491.0
492,5750000.0,1.0,0.0,0.0,0.0,4.0,0.0,4.8,36.0,78.9,16.0,20.0,105.5,1013.0,4.4,56.2,2910.66,2.0,0.0,9.6,492.0
493,1250000.0,0.0,0.0,0.0,0.0,5.0,0.0,3.8,31.0,72.0,5.0,0.0,101.3,994.0,-5.6,41.5,3056.73,1.0,0.0,7.7,493.0
494,700000.0,0.0,0.0,0.0,0.0,6.0,0.0,0.7,10.0,30.6,16.0,2.0,106.6,1021.0,-6.2,52.8,2670.99,0.0,1.0,9.3,494.0
495,925000.0,5.0,0.0,0.0,0.0,5.0,0.0,2.3,12.0,53.7,27.0,-7.0,106.0,982.0,-7.9,38.0,2572.85,1.0,0.0,6.4,495.0
496,13800000.0,2.0,0.0,0.0,0.0,13.0,0.0,1.6,37.0,66.2,15.0,7.0,116.8,1011.0,-7.3,54.7,2866.62,1.0,0.0,10.0,496.0
497,8000000.0,4.0,0.0,0.0,0.0,8.0,0.0,0.6,37.0,54.0,19.0,-14.0,117.0,980.0,-0.2,44.9,3304.91,1.0,0.0,7.7,497.0
498,1000000.0,0.0,0.0,0.0,0.0,4.0,1.0,1.7,16.0,41.7,12.0,-9.0,96.6,974.0,-1.2,37.3,1896.53,0.0,0.0,6.4,498.0
499,925000.0,4.0,0.0,0.0,0.0,18.0,1.0,1.2,67.0,56.1,18.0,0.0,122.3,1024.0,-2.3,60.0,3095.06,0.0,0.0,11.0,499.0
500,600000.0,0.0,0.0,0.0,0.0,2.0,0.0,0.0,0.0,2.5,4.0,-1.0,128.1,991.0,-1.4,33.3,168.86,0.0,0.0,5.6,500.0
501,832500.0,2.0,0.0,0.0,0.0,14.0,0.0,1.1,12.0,51.7,29.0,-20.0,107.2,963.0,-12.8,31.3,2130.23,0.0,0.0,5.9,501.0
502,2750000.0,0.0,0.0,0.0,0.0,4.0,0.0,2.2,12.0,49.4,7.0,5.0,111.1,1004.0,-3.8,48.6,2252.6,3.0,0.0,10.3,502.0
503,4250000.0,2.0,0.0,0.0,0.0,5.0,0.0,1.1,30.0,50.1,9.0,3.0,109.4,1012.0,-1.6,47.4,3091.67,2.0,0.0,10.6,503.0
504,3100000.0,1.0,0.0,0.0,0.0,6.0,0.0,0.9,17.0,41.8,11.0,-5.0,116.4,1021.0,-4.3,57.7,2506.06,5.0,1.0,11.1,504.0
505,575000.0,2.0,0.0,0.0,0.0,10.0,0.0,3.6,18.0,47.2,13.0,15.0,109.5,1019.0,4.1,53.9,2829.24,0.0,0.0,8.7,505.0
506,2250000.0,0.0,0.0,0.0,0.0,0.0,0.0,1.2,2.0,22.0,5.0,1.0,111.3,995.0,-1.1,42.9,1095.02,0.0,0.0,8.8,506.0
507,575000.0,0.0,0.0,0.0,0.0,1.0,0.0,0.1,5.0,5.0,1.0,-1.0,115.3,986.0,0.9,40.0,507.0,0.0,0.0,3.6,507.0
508,600000.0,2.0,0.0,0.0,0.0,12.0,0.0,1.7,23.0,65.4,24.0,-31.0,104.9,987.0,-10.2,47.6,2945.24,0.0,2.0,7.1,508.0
509,625000.0,0.0,0.0,0.0,0.0,0.0,0.0,0.1,0.0,1.2,0.0,1.0,97.5,1077.0,-0.4,100.0,106.17,0.0,0.0,7.7,509.0
510,4000000.0,0.0,0.0,0.0,0.0,9.0,0.0,0.4,7.0,19.0,16.0,-10.0,106.3,959.0,5.1,43.6,2048.47,0.0,0.0,4.8,510.0
511,2400000.0,1.0,0.0,0.0,0.0,28.0,0.0,0.8,35.0,55.9,24.0,-19.0,105.5,959.0,-12.8,33.0,3208.51,2.0,0.0,7.4,511.0
512,867500.0,2.0,0.0,0.0,0.0,1.0,0.0,0.1,12.0,17.5,5.0,-12.0,113.5,943.0,0.1,35.5,1405.18,0.0,0.0,4.5,512.0
513,1300000.0,0.0,0.0,0.0,0.0,14.0,1.0,1.3,43.0,47.0,14.0,5.0,104.3,993.0,1.0,41.4,3395.39,1.0,0.0,7.7,513.0
514,575000.0,0.0,0.0,0.0,0.0,1.0,0.0,0.3,5.0,8.2,2.0,2.0,108.3,996.0,0.3,42.9,743.96,0.0,0.0,7.3,514.0
515,832500.0,1.0,0.0,0.0,0.0,6.0,0.0,2.8,15.0,66.9,19.0,6.0,106.8,998.0,0.9,48.7,2900.95,3.0,0.0,10.3,515.0
516,7000000.0,5.0,0.0,0.0,0.0,8.0,0.0,2.1,61.0,60.8,19.0,17.0,114.9,1042.0,1.3,67.5,3337.35,1.0,0.0,11.9,516.0
517,700000.0,1.0,0.0,0.0,0.0,17.0,0.0,1.5,25.0,43.6,32.0,12.0,107.9,1034.0,-0.1,58.3,3226.96,0.0,1.0,9.5,517.0
518,850000.0,2.0,0.0,0.0,0.0,12.0,1.0,0.8,33.0,51.9,7.0,-19.0,103.5,980.0,-6.7,44.3,2899.84,0.0,1.0,8.4,518.0
519,925000.0,0.0,0.0,0.0,0.0,7.0,0.0,0.8,8.0,38.5,10.0,-4.0,110.7,1021.0,-11.0,55.0,2278.86,1.0,0.0,8.5,519.0
520,722500.0,1.0,0.0,0.0,0.0,5.0,0.0,0.3,8.0,9.4,7.0,0.0,100.2,1027.0,-1.2,50.0,1053.08,0.0,0.0,10.3,520.0
521,4250000.0,3.0,0.0,0.0,0.0,25.0,0.0,1.7,31.0,52.2,18.0,15.0,108.2,1007.0,3.8,51.8,3365.72,1.0,0.0,8.4,521.0
522,925000.0,1.0,0.0,0.0,0.0,7.0,0.0,0.7,11.0,19.6,4.0,6.0,109.4,1036.0,-1.2,61.8,1672.65,1.0,0.0,11.7,522.0
523,1850000.0,0.0,0.0,0.0,0.0,8.0,0.0,0.4,10.0,21.0,12.0,-3.0,103.7,971.0,-1.7,35.3,1866.95,0.0,0.0,7.1,523.0
524,5000000.0,2.0,0.0,0.0,0.0,13.0,0.0,2.2,37.0,49.2,12.0,12.0,113.7,1011.0,6.1,62.0,3226.03,2.0,1.0,9.2,524.0
525,925000.0,6.0,0.0,0.0,0.0,19.0,0.0,2.0,75.0,66.1,10.0,7.0,116.1,1021.0,12.2,61.5,3267.43,4.0,0.0,12.0,525.0
526,615000.0,0.0,0.0,0.0,0.0,8.0,0.0,2.3,4.0,22.1,15.0,10.0,110.2,1026.0,1.3,61.0,1326.32,0.0,1.0,8.0,526.0
527,4000000.0,1.0,0.0,0.0,0.0,6.0,0.0,2.7,16.0,47.0,10.0,5.0,105.5,1017.0,11.9,55.3,2676.69,0.0,0.0,9.8,527.0
528,715000.0,1.0,0.0,0.0,0.0,8.0,0.0,3.0,8.0,57.2,13.0,2.0,108.3,1005.0,-0.7,47.1,2444.36,2.0,0.0,7.8,528.0
529,1600000.0,1.0,0.0,0.0,0.0,0.0,0.0,0.2,2.0,7.3,0.0,0.0,105.5,1005.0,-3.6,50.0,469.19,0.0,0.0,5.8,529.0
530,874125.0,0.0,0.0,0.0,0.0,0.0,0.0,-0.1,0.0,1.4,1.0,-2.0,104.0,900.0,-0.5,0.0,123.85,0.0,0.0,0.0,530.0
531,5000000.0,3.0,1.0,0.0,1.0,22.0,1.0,2.8,69.0,55.5,33.0,18.0,116.6,1011.0,17.7,64.2,3191.36,0.0,2.0,11.1,531.0
532,1000000.0,7.0,1.0,0.0,0.0,6.0,0.0,0.9,34.0,63.5,8.0,-18.0,114.1,1007.0,-14.8,54.5,3260.63,4.0,0.0,9.7,532.0
533,1000000.0,1.0,0.0,0.0,0.0,9.0,0.0,1.5,33.0,59.8,4.0,10.0,107.1,1013.0,0.6,48.9,3494.47,0.0,0.0,8.8,533.0
534,600000.0,3.0,0.0,0.0,0.0,12.0,0.0,0.8,20.0,26.2,3.0,-4.0,101.4,1003.0,-7.8,47.2,2350.43,0.0,0.0,5.8,534.0
535,2250000.0,2.0,0.0,0.0,0.0,22.0,0.0,1.5,33.0,53.9,14.0,-1.0,108.9,1008.0,-2.5,47.7,3265.02,1.0,0.0,7.4,535.0
536,950000.0,1.0,0.0,0.0,1.0,16.0,0.0,1.1,38.0,36.7,13.0,-3.0,105.4,1019.0,-8.1,60.2,2756.6,7.0,0.0,9.5,536.0
537,1200000.0,0.0,0.0,0.0,0.0,13.0,0.0,0.1,3.0,19.4,15.0,-7.0,99.7,965.0,-1.6,32.3,2748.73,0.0,0.0,6.1,537.0
538,950000.0,3.0,0.0,0.0,0.0,4.0,0.0,0.8,13.0,27.2,2.0,2.0,103.4,1008.0,-2.0,43.5,2210.31,0.0,0.0,9.3,538.0
539,5000000.0,2.0,0.0,0.0,0.0,6.0,0.0,2.2,45.0,65.8,23.0,13.0,111.8,999.0,7.8,54.3,3349.09,0.0,1.0,9.2,539.0
540,6500000.0,3.0,0.0,0.0,0.0,16.0,0.0,1.6,27.0,56.4,19.0,-2.0,103.5,1013.0,-0.1,52.5,3053.95,3.0,2.0,11.1,540.0
541,900000.0,1.0,0.0,0.0,0.0,2.0,0.0,3.7,7.0,56.6,20.0,11.0,108.5,1017.0,-4.0,51.8,2559.26,1.0,0.0,8.2,541.0
542,12000000.0,5.0,0.0,0.0,0.0,5.0,0.0,6.0,11.0,79.1,19.0,20.0,110.3,1025.0,6.5,58.5,2759.46,12.0,0.0,9.1,542.0
543,925000.0,2.0,0.0,0.0,0.0,20.0,0.0,0.8,49.0,57.4,11.0,-25.0,116.5,988.0,-7.2,49.6,2849.34,4.0,0.0,8.6,543.0
544,925000.0,0.0,0.0,0.0,0.0,1.0,0.0,0.2,3.0,6.3,2.0,1.0,108.6,1050.0,-1.4,53.8,636.05,0.0,0.0,10.9,544.0
545,874125.0,0.0,0.0,0.0,1.0,12.0,0.0,0.2,19.0,27.9,3.0,-6.0,98.4,966.0,-4.2,25.0,2158.47,0.0,0.0,5.1,545.0
546,5000000.0,2.0,0.0,0.0,0.0,10.0,0.0,1.6,30.0,62.1,13.0,-1.0,108.2,998.0,-4.1,48.5,3231.48,0.0,0.0,9.4,546.0
547,1500000.0,1.0,0.0,0.0,0.0,13.0,0.0,0.8,37.0,38.4,18.0,-9.0,105.3,975.0,-1.1,37.7,3289.88,0.0,0.0,6.0,547.0
548,2725000.0,0.0,0.0,0.0,0.0,0.0,0.0,0.0,1.0,0.7,0.0,0.0,118.7,966.0,-0.3,50.0,41.21,0.0,0.0,9.1,548.0
549,670000.0,1.0,0.0,0.0,1.0,3.0,0.0,0.2,4.0,11.7,3.0,-1.0,117.2,999.0,-1.2,43.8,742.39,0.0,0.0,7.2,549.0
550,875000.0,1.0,0.0,0.0,0.0,2.0,0.0,3.5,36.0,36.2,8.0,22.0,106.8,1043.0,10.1,64.0,2276.84,0.0,0.0,10.7,550.0
551,3250000.0,0.0,0.0,0.0,0.0,4.0,0.0,1.3,28.0,67.6,11.0,-11.0,112.0,998.0,-4.2,43.0,3448.93,0.0,3.0,7.5,551.0
552,925000.0,0.0,0.0,0.0,0.0,5.0,0.0,0.4,9.0,14.8,5.0,1.0,113.0,1029.0,-0.4,62.1,833.21,1.0,0.0,9.9,552.0
553,2000000.0,4.0,0.0,0.0,0.0,26.0,1.0,2.5,44.0,43.6,15.0,34.0,109.5,1046.0,17.0,63.9,3227.0,0.0,0.0,11.4,553.0
554,625000.0,0.0,0.0,1.0,0.0,15.0,0.0,0.9,18.0,20.2,14.0,6.0,108.0,1024.0,2.6,57.9,2413.87,1.0,0.0,9.2,554.0
555,925000.0,0.0,0.0,0.0,0.0,2.0,0.0,0.2,6.0,10.9,2.0,-4.0,111.4,949.0,-1.1,46.2,628.33,0.0,0.0,7.6,555.0
556,3500000.0,2.0,0.0,0.0,0.0,10.0,0.0,0.9,30.0,48.0,14.0,2.0,111.8,1008.0,3.8,46.6,2812.88,0.0,0.0,8.5,556.0
557,925000.0,1.0,0.0,0.0,0.0,10.0,0.0,2.7,7.0,42.72,12.0,8.0,106.8,1021.0,3.8,57.6,2421.77,0.0,0.0,9.6,557.0
558,1650000.0,2.0,0.0,0.0,0.0,8.0,1.0,3.9,23.0,79.8,15.0,13.0,107.3,1022.0,-6.9,51.6,3059.47,4.0,0.0,10.8,558.0
559,640000.0,6.0,0.0,0.0,0.0,22.0,0.0,2.1,37.0,58.6,14.0,16.0,120.0,1008.0,2.7,57.0,3322.92,3.0,0.0,10.3,559.0
560,925000.0,1.0,0.0,0.0,0.0,0.0,0.0,0.0,4.0,5.4,2.0,-3.0,99.7,951.0,-2.0,16.7,390.07,0.0,0.0,4.2,560.0
561,1900000.0,2.0,0.0,0.0,0.0,13.0,0.0,1.1,14.0,35.8,13.0,-4.0,108.0,999.0,4.0,56.0,2998.1,1.0,0.0,9.4,561.0
562,925000.0,2.0,0.0,0.0,0.0,12.0,0.0,0.3,20.0,28.9,11.0,-16.0,104.7,990.0,-5.3,52.4,1996.98,0.0,0.0,10.7,562.0
563,4000000.0,1.0,0.0,0.0,0.0,24.0,0.0,2.0,60.0,57.6,17.0,8.0,112.0,1020.0,-0.4,58.5,2999.13,0.0,1.0,10.6,563.0
564,6500000.0,0.0,0.0,0.0,0.0,5.0,0.0,0.1,7.0,15.1,4.0,-4.0,115.4,978.0,-4.5,33.3,716.02,0.0,1.0,6.3,564.0
565,700000.0,1.0,0.0,0.0,0.0,5.0,0.0,0.8,11.0,14.5,3.0,9.0,107.0,1054.0,2.2,67.9,1327.15,0.0,0.0,10.4,565.0
566,925000.0,2.0,0.0,0.0,0.0,21.0,0.0,1.2,26.0,39.6,17.0,-2.0,114.8,995.0,0.0,51.2,2797.57,0.0,1.0,7.8,566.0
567,925000.0,2.0,0.0,0.0,0.0,15.0,0.0,0.4,44.0,46.7,8.0,-13.0,106.1,1010.0,-8.1,51.1,3210.58,0.0,0.0,9.1,567.0
568,1025000.0,1.0,0.0,0.0,0.0,0.0,0.0,0.5,4.0,18.3,2.0,-8.0,109.7,986.0,-5.7,44.8,1016.4,1.0,0.0,6.0,568.0
569,925000.0,9.0,1.0,0.0,0.0,40.0,1.0,1.3,36.0,56.5,19.0,1.0,112.3,1003.0,4.9,55.3,3116.42,2.0,2.0,10.4,569.0
570,925000.0,3.0,0.0,0.0,0.0,10.0,0.0,3.3,17.0,53.8,20.0,11.0,104.9,1031.0,-4.0,60.0,3130.23,3.0,0.0,11.3,570.0
571,1750000.0,0.0,0.0,0.0,0.0,9.0,1.0,1.9,11.0,59.4,11.0,20.0,102.9,1020.0,-2.4,46.6,3444.06,0.0,1.0,10.0,571.0
572,6000000.0,2.0,0.0,0.0,0.0,22.0,0.0,1.7,43.0,45.8,15.0,-9.0,108.4,1012.0,3.2,61.1,2737.48,0.0,0.0,8.5,572.0
573,2500000.0,1.0,0.0,0.0,0.0,8.0,0.0,0.4,11.0,12.4,7.0,-3.0,99.2,988.0,3.3,50.0,1529.78,1.0,0.0,8.5,573.0
574,667500.0,0.0,0.0,0.0,0.0,9.0,0.0,0.5,27.0,25.9,6.0,-1.0,110.7,1004.0,-5.6,48.6,1965.44,0.0,0.0,6.4,574.0
575,3700000.0,1.0,0.0,0.0,0.0,3.0,0.0,3.0,6.0,57.2,20.0,-1.0,105.9,993.0,-1.1,43.4,2991.75,2.0,0.0,7.2,575.0
576,650000.0,0.0,0.0,0.0,0.0,0.0,0.0,-0.1,2.0,5.1,0.0,-6.0,97.1,893.0,-2.8,12.5,582.41,0.0,0.0,2.3,576.0
577,925000.0,0.0,0.0,0.0,0.0,0.0,0.0,0.0,1.0,1.0,0.0,0.0,105.0,1111.0,-0.3,100.0,85.45,0.0,0.0,11.1,577.0
578,832500.0,0.0,0.0,0.0,0.0,0.0,0.0,0.0,1.0,0.7,0.0,0.0,77.6,1000.0,0.2,0.0,34.29,0.0,0.0,0.0,578.0
579,667500.0,2.0,0.0,0.0,0.0,13.0,0.0,1.7,26.0,44.5,11.0,24.0,121.5,1039.0,13.2,66.7,2342.99,2.0,1.0,11.1,579.0
580,832500.0,1.0,0.0,0.0,0.0,5.0,0.0,0.6,11.0,22.6,9.0,-2.0,102.7,988.0,-0.5,42.9,2486.57,0.0,0.0,4.9,580.0
581,7000000.0,5.0,0.0,0.0,0.0,9.0,0.0,1.3,26.0,58.1,16.0,-16.0,104.8,995.0,-12.0,51.7,3288.16,3.0,0.0,7.9,581.0
582,925000.0,4.0,0.0,0.0,0.0,10.0,0.0,1.5,43.0,49.7,13.0,7.0,109.0,1034.0,-2.9,60.7,2705.08,8.0,1.0,13.1,582.0
583,925000.0,2.0,0.0,0.0,0.0,15.0,0.0,0.8,16.0,38.4,7.0,-17.0,96.3,986.0,-4.1,45.7,2876.3,0.0,0.0,6.8,583.0
584,3750000.0,5.0,0.0,0.0,0.0,30.0,0.0,1.7,63.0,70.5,19.0,-13.0,112.5,974.0,-1.7,46.5,3238.07,5.0,0.0,8.2,584.0
585,6000000.0,0.0,0.0,0.0,0.0,5.0,0.0,2.2,21.0,53.2,11.0,-6.0,103.0,985.0,1.4,42.6,2164.19,2.0,0.0,8.7,585.0
586,750000.0,0.0,0.0,0.0,0.0,4.0,0.0,0.0,9.0,13.8,4.0,-11.0,105.6,939.0,-3.3,25.0,981.2,0.0,0.0,3.5,586.0
587,7000000.0,1.0,0.0,0.0,0.0,6.0,0.0,4.8,53.0,87.0,12.0,3.0,108.4,1018.0,3.9,53.8,2769.25,3.0,1.0,10.7,587.0
588,640000.0,0.0,0.0,0.0,0.0,0.0,0.0,0.1,0.0,0.7,0.0,1.0,89.5,1143.0,0.1,100.0,78.43,0.0,0.0,14.3,588.0
589,3000000.0,1.0,0.0,0.0,0.0,9.0,0.0,0.2,5.0,42.7,9.0,-23.0,112.9,975.0,-10.9,38.9,2902.51,1.0,0.0,6.1,589.0
590,925000.0,0.0,0.0,0.0,0.0,0.0,0.0,0.0,0.0,1.9,1.0,-1.0,109.2,958.0,-1.1,33.3,189.25,0.0,0.0,3.2,590.0
591,925000.0,0.0,0.0,0.0,0.0,0.0,0.0,-0.1,0.0,1.5,3.0,-2.0,123.2,857.0,-1.8,0.0,96.95,0.0,0.0,0.0,591.0
592,3000000.0,7.0,0.0,0.0,0.0,13.0,1.0,2.1,46.0,71.7,10.0,10.0,115.2,1010.0,8.2,55.0,3201.68,3.0,0.0,8.6,592.0
593,3750000.0,1.0,0.0,0.0,0.0,19.0,2.0,2.1,96.0,45.4,10.0,12.0,114.7,1017.0,6.3,65.4,2758.76,3.0,0.0,10.5,593.0
594,9500000.0,3.0,0.0,0.0,0.0,14.0,1.0,1.6,52.0,44.8,35.0,18.0,119.1,1052.0,6.2,71.0,2356.8,6.0,0.0,12.2,594.0
595,1250000.0,1.0,0.0,0.0,0.0,12.0,0.0,0.9,27.0,47.0,6.0,-12.0,103.1,968.0,-2.5,33.3,3488.72,0.0,0.0,4.5,595.0
596,925000.0,2.0,0.0,0.0,0.0,5.0,0.0,0.8,17.0,39.2,5.0,1.0,114.5,1017.0,-9.3,52.7,2642.13,1.0,0.0,9.3,596.0
597,842500.0,1.0,0.0,0.0,0.0,2.0,0.0,0.1,5.0,6.0,2.0,-2.0,97.6,986.0,-1.2,41.7,558.17,0.0,0.0,6.5,597.0
598,4000000.0,6.0,0.0,0.0,0.0,13.0,0.0,1.4,34.0,40.3,15.0,7.0,116.6,1010.0,1.7,57.8,3102.4,1.0,0.0,7.8,598.0
599,2700000.0,0.0,0.0,0.0,0.0,4.0,0.0,1.1,3.0,31.2,10.0,4.0,120.3,992.0,-0.4,36.4,1657.86,0.0,0.0,7.4,599.0
600,5000000.0,3.0,0.0,0.0,0.0,12.0,0.0,5.3,20.0,91.7,15.0,23.0,114.2,1023.0,7.0,54.2,3030.45,0.0,1.0,8.7,600.0
601,575000.0,0.0,0.0,0.0,0.0,1.0,0.0,0.0,1.0,2.8,1.0,-1.0,103.3,968.0,-0.2,25.0,209.31,0.0,0.0,5.9,601.0
602,600000.0,1.0,0.0,0.0,0.0,5.0,0.0,1.5,10.0,40.1,6.0,-7.0,106.2,977.0,0.3,40.8,1846.7,1.0,0.0,8.1,602.0
603,3700000.0,4.0,0.0,0.0,0.0,9.0,0.0,1.6,54.0,62.3,5.0,5.0,117.0,1006.0,0.7,57.3,3229.5,3.0,0.0,10.4,603.0
604,6500000.0,4.0,0.0,0.0,0.0,11.0,2.0,1.9,46.0,52.0,14.0,4.0,119.4,1026.0,5.9,65.1,3247.27,0.0,1.0,10.0,604.0
605,575000.0,0.0,0.0,0.0,0.0,5.0,0.0,0.6,5.0,14.8,1.0,9.0,100.0,1060.0,-2.6,57.7,1106.45,0.0,0.0,13.0,605.0
606,680000.0,0.0,0.0,0.0,0.0,4.0,0.0,0.0,3.0,3.2,3.0,-2.0,107.1,972.0,-1.3,33.3,581.67,0.0,0.0,6.3,606.0
607,600000.0,2.0,0.0,0.0,0.0,6.0,0.0,1.3,11.0,33.6,10.0,-2.0,103.6,985.0,4.2,46.4,3023.36,0.0,2.0,6.6,607.0
608,9000000.0,4.0,0.0,0.0,0.0,5.0,0.0,6.6,41.0,82.6,18.0,34.0,111.3,1029.0,19.7,59.8,2715.54,3.0,1.0,10.2,608.0
609,4250000.0,2.0,0.0,0.0,1.0,8.0,0.0,4.1,23.0,65.0,10.0,4.0,108.8,1000.0,0.6,49.2,2855.83,1.0,1.0,9.2,609.0
610,7000000.0,3.0,0.0,0.0,0.0,12.0,0.0,1.9,30.0,59.8,12.0,10.0,113.2,997.0,5.0,47.5,3287.74,1.0,0.0,7.5,610.0
611,925000.0,2.0,0.0,0.0,0.0,12.0,0.0,4.5,38.0,66.0,16.0,7.0,104.0,1009.0,1.7,54.3,3119.42,2.0,0.0,9.2,611.0
612,7000000.0,2.0,0.0,0.0,0.0,19.0,0.0,1.8,25.0,52.4,11.0,-4.0,110.4,982.0,8.2,48.2,3418.06,0.0,0.0,8.5,0.0
613,925000.0,1.0,0.0,0.0,0.0,1.0,0.0,0.3,4.0,8.0,1.0,2.0,118.6,1037.0,0.4,75.0,826.49,0.0,0.0,6.7,1.0
614,2000000.0,5.0,0.0,0.0,0.0,19.0,1.0,2.0,33.0,53.2,25.0,13.0,115.0,1014.0,15.0,62.1,3155.13,0.0,0.0,9.5,2.0
615,667500.0,2.0,0.0,0.0,0.0,8.0,1.0,1.1,25.0,39.0,4.0,-1.0,111.9,1007.0,3.0,53.7,3044.03,4.0,0.0,8.5,3.0
616,600000.0,0.0,0.0,0.0,0.0,4.0,0.0,1.1,7.0,16.7,6.0,3.0,105.4,1002.0,3.6,57.5,1217.17,1.0,0.0,9.3,4.0
617,1400000.0,1.0,0.0,0.0,0.0,0.0,0.0,0.5,1.0,9.0,3.0,-4.0,104.5,963.0,0.8,40.0,756.76,0.0,0.0,4.6,5.0
618,1600000.0,0.0,0.0,0.0,0.0,6.0,0.0,0.4,12.0,34.1,6.0,-7.0,104.5,1012.0,-10.6,46.2,2050.94,0.0,0.0,9.3,6.0
619,7500000.0,6.0,0.0,0.0,0.0,8.0,0.0,0.3,32.0,49.2,12.0,-18.0,120.9,987.0,-3.7,53.6,2831.91,1.0,2.0,11.6,7.0
620,4500000.0,0.0,0.0,0.0,0.0,0.0,0.0,0.0,1.0,1.7,0.0,-1.0,106.8,950.0,0.4,0.0,175.57,0.0,0.0,0.0,8.0
621,6000000.0,6.0,0.0,0.0,0.0,21.0,0.0,1.4,76.0,61.6,15.0,-4.0,115.9,1001.0,2.7,54.6,3370.18,3.0,1.0,9.6,9.0
622,767500.0,0.0,0.0,0.0,0.0,1.0,0.0,0.2,9.0,14.3,6.0,-2.0,113.2,978.0,-3.4,33.3,1024.08,0.0,0.0,4.6,10.0
623,725000.0,2.0,0.0,0.0,0.0,8.0,0.0,1.1,19.0,32.9,10.0,-3.0,102.7,982.0,1.1,48.2,2565.32,2.0,1.0,5.8,11.0
624,5750000.0,2.0,0.0,0.0,0.0,19.0,0.0,2.0,42.0,50.4,29.0,10.0,114.1,1037.0,7.7,66.2,2953.97,0.0,0.0,11.0,12.0
625,4000000.0,1.0,0.0,0.0,0.0,10.0,0.0,2.1,9.0,40.6,13.0,-5.0,114.1,982.0,1.9,44.2,1944.03,2.0,0.0,7.9,13.0
626,14000000.0,5.0,0.0,0.0,0.0,24.0,0.0,1.9,29.0,62.6,13.0,-10.0,113.9,986.0,6.7,51.8,2991.58,2.0,1.0,8.3,14.0
627,5200000.0,0.0,0.0,0.0,0.0,4.0,0.0,2.8,36.0,49.8,20.0,-7.0,101.3,1016.0,6.4,62.6,3055.05,4.0,0.0,10.9,15.0
628,575000.0,0.0,0.0,0.0,0.0,3.0,1.0,0.2,3.0,9.6,4.0,-3.0,95.6,989.0,-1.2,38.5,1039.4,0.0,0.0,5.5,16.0
629,575000.0,0.0,0.0,0.0,0.0,1.0,0.0,1.5,9.0,30.3,4.0,9.0,110.7,1038.0,0.1,60.8,1335.01,0.0,0.0,10.2,17.0
630,575000.0,0.0,0.0,0.0,0.0,4.0,0.0,0.6,17.0,38.4,4.0,-2.0,121.2,1009.0,-8.8,50.0,2600.04,1.0,1.0,9.1,18.0
631,925000.0,2.0,0.0,0.0,0.0,18.0,0.0,0.3,16.0,29.9,18.0,-21.0,102.9,986.0,-4.4,44.1,2448.72,1.0,0.0,7.4,19.0
632,700000.0,0.0,0.0,0.0,0.0,17.0,0.0,0.8,12.0,29.4,11.0,5.0,119.5,1011.0,-1.1,50.0,2254.95,0.0,0.0,8.8,20.0
633,650000.0,1.0,0.0,0.0,0.0,5.0,1.0,0.9,19.0,22.9,6.0,1.0,106.7,1019.0,1.3,58.3,1792.07,1.0,0.0,8.8,21.0
634,950000.0,3.0,0.0,0.0,0.0,5.0,0.0,0.5,13.0,30.2,10.0,-7.0,109.5,975.0,-2.3,36.8,1438.31,0.0,1.0,7.8,22.0
635,3500000.0,0.0,0.0,0.0,0.0,0.0,0.0,0.1,0.0,1.1,0.0,1.0,108.0,1056.0,0.4,66.7,136.83,0.0,0.0,11.1,23.0
636,3000000.0,0.0,0.0,0.0,0.0,0.0,0.0,0.5,9.0,25.3,14.0,-11.0,105.5,970.0,-8.9,38.3,1469.56,0.0,0.0,6.4,24.0
637,667500.0,0.0,0.0,0.0,0.0,0.0,0.0,-0.2,2.0,7.4,1.0,-8.0,98.2,881.0,-0.7,20.0,470.45,0.0,1.0,5.6,25.0
638,7250000.0,3.0,0.0,0.0,0.0,13.0,0.0,1.4,60.0,51.7,12.0,-12.0,114.1,978.0,5.2,52.9,3295.12,4.0,1.0,8.3,26.0
639,842500.0,0.0,0.0,0.0,0.0,0.0,0.0,0.0,1.0,1.5,0.0,0.0,92.9,941.0,0.0,0.0,168.88,0.0,0.0,0.0,27.0
640,1650000.0,2.0,0.0,0.0,0.0,12.0,0.0,1.9,48.0,54.5,5.0,22.0,110.9,1044.0,-3.8,57.4,3269.65,0.0,3.0,11.3,28.0
641,3800000.0,0.0,0.0,0.0,0.0,4.0,0.0,3.9,40.0,73.0,14.0,1.0,106.8,993.0,-0.3,41.4,3025.88,0.0,0.0,7.9,29.0
642,3250000.0,2.0,0.0,0.0,0.0,14.0,1.0,1.2,36.0,40.2,8.0,9.0,113.7,1034.0,1.7,61.8,2358.59,0.0,1.0,11.9,30.0
643,802500.0,4.0,0.0,0.0,0.0,8.0,0.0,3.6,34.0,84.0,11.0,8.0,115.3,996.0,-4.1,46.9,2636.48,0.0,0.0,8.9,31.0
644,1000000.0,3.0,0.0,0.0,0.0,14.0,0.0,1.2,29.0,63.8,16.0,1.0,110.6,1001.0,1.0,47.4,3372.82,0.0,1.0,8.8,32.0
645,650000.0,1.0,0.0,0.0,0.0,8.0,0.0,2.6,14.0,45.6,18.0,8.0,118.9,1007.0,2.9,54.5,2486.54,0.0,0.0,8.9,33.0
646,700000.0,1.0,0.0,0.0,0.0,2.0,0.0,0.9,5.0,24.3,9.0,-4.0,106.9,968.0,-5.2,32.4,1521.76,0.0,0.0,5.3,34.0
647,600000.0,0.0,0.0,0.0,0.0,0.0,0.0,1.2,5.0,13.3,8.0,3.0,105.4,1035.0,0.0,66.7,1119.93,0.0,0.0,8.7,35.0
648,925000.0,0.0,0.0,0.0,0.0,0.0,0.0,0.1,0.0,3.2,1.0,-1.0,105.8,947.0,-0.7,0.0,159.23,0.0,0.0,0.0,36.0
649,575000.0,0.0,0.0,0.0,0.0,0.0,0.0,0.0,1.0,2.2,3.0,-1.0,118.2,960.0,-0.8,33.3,160.72,0.0,0.0,4.0,37.0
650,842500.0,1.0,0.0,0.0,0.0,3.0,0.0,0.0,13.0,22.3,6.0,-17.0,97.6,948.0,-4.4,30.4,1737.33,0.0,0.0,6.7,38.0
651,4000000.0,0.0,0.0,0.0,0.0,4.0,1.0,1.3,21.0,51.2,14.0,1.0,110.2,1000.0,2.2,52.5,3060.99,0.0,2.0,10.0,39.0
652,925000.0,0.0,0.0,0.0,0.0,0.0,0.0,0.0,0.0,0.3,0.0,0.0,104.9,1000.0,0.5,0.0,80.86,0.0,0.0,0.0,40.0
653,792500.0,0.0,0.0,0.0,0.0,0.0,0.0,0.1,0.0,1.2,1.0,0.0,149.0,958.0,-0.3,50.0,86.35,0.0,0.0,8.3,41.0
654,6000000.0,2.0,0.0,0.0,0.0,12.0,0.0,1.0,27.0,60.9,9.0,-19.0,109.7,969.0,1.0,43.4,3352.03,2.0,1.0,8.6,42.0
655,585000.0,0.0,0.0,0.0,0.0,0.0,0.0,0.0,2.0,1.0,0.0,-1.0,123.3,889.0,0.9,0.0,81.33,0.0,0.0,0.0,43.0
656,925000.0,0.0,0.0,0.0,0.0,0.0,0.0,0.3,1.0,4.3,2.0,0.0,107.8,1031.0,0.6,58.3,388.29,0.0,0.0,10.8,44.0
657,1550000.0,3.0,0.0,0.0,0.0,18.0,0.0,2.2,25.0,48.4,4.0,5.0,116.6,992.0,5.2,58.1,3415.92,4.0,1.0,9.3,45.0
658,3250000.0,0.0,0.0,0.0,0.0,16.0,0.0,2.2,11.0,46.8,24.0,1.0,105.0,1000.0,-0.3,46.8,1929.56,2.0,0.0,8.3,46.0
659,925000.0,8.0,0.0,0.0,0.0,18.0,0.0,2.2,57.0,59.8,8.0,18.0,112.0,1029.0,-1.1,65.0,3169.21,12.0,0.0,11.1,47.0
660,4000000.0,2.0,0.0,0.0,0.0,9.0,0.0,3.5,51.0,80.1,5.0,7.0,114.3,1012.0,-4.9,53.9,2665.96,4.0,0.0,9.6,48.0
661,3876134.0,0.0,0.0,0.0,0.0,7.0,0.0,1.2,26.0,47.2,19.0,-3.0,112.7,1016.0,-8.9,54.1,2924.7,0.0,0.0,7.7,49.0
662,3475000.0,1.0,0.0,0.0,0.0,8.0,0.0,1.2,24.0,49.0,17.0,7.0,107.5,1000.0,7.1,46.4,2929.36,0.0,0.0,7.5,50.0
663,2900000.0,0.0,0.0,0.0,0.0,6.0,0.0,1.3,2.0,24.6,2.0,-5.0,92.1,980.0,2.8,41.0,2178.96,0.0,0.0,5.4,51.0
664,2900000.0,0.0,0.0,0.0,0.0,15.0,0.0,1.9,42.0,67.1,21.0,14.0,117.2,1015.0,-2.9,54.4,3327.6,0.0,0.0,8.2,52.0
665,1400000.0,3.0,0.0,0.0,0.0,5.0,0.0,4.2,22.0,62.7,17.0,27.0,114.8,1039.0,12.5,67.3,2854.48,4.0,0.0,11.6,53.0
666,650000.0,0.0,0.0,0.0,0.0,0.0,0.0,0.0,1.0,3.4,0.0,-1.0,133.5,977.0,-0.5,40.0,113.13,0.0,0.0,7.7,54.0
667,2300000.0,0.0,0.0,0.0,0.0,5.0,0.0,0.6,14.0,18.4,7.0,-3.0,110.6,983.0,1.2,45.9,2312.6,0.0,1.0,6.0,55.0
668,4200000.0,1.0,0.0,0.0,0.0,15.0,0.0,3.7,16.0,74.4,32.0,1.0,108.9,986.0,2.0,39.5,2698.33,1.0,0.0,6.7,56.0
669,5760000.0,6.0,0.0,0.0,0.0,11.0,0.0,6.4,52.0,94.8,20.0,19.0,125.7,1019.0,9.6,61.4,2857.99,8.0,0.0,9.9,57.0
670,5000000.0,1.0,0.0,0.0,0.0,14.0,0.0,0.5,24.0,47.3,20.0,-30.0,110.2,974.0,-8.4,45.3,3160.22,5.0,0.0,6.6,58.0
671,9000000.0,3.0,0.0,0.0,0.0,7.0,0.0,3.5,24.0,79.8,13.0,5.0,118.7,1019.0,-6.5,55.9,3011.68,2.0,1.0,9.2,59.0
672,6250000.0,3.0,0.0,0.0,0.0,9.0,0.0,1.0,22.0,38.9,2.0,2.0,114.6,998.0,10.1,54.5,3334.82,2.0,3.0,9.5,60.0
673,575000.0,0.0,0.0,0.0,0.0,4.0,0.0,0.7,3.0,11.4,12.0,-1.0,112.5,996.0,3.2,47.6,1385.89,0.0,0.0,5.8,61.0
674,575000.0,0.0,0.0,0.0,0.0,0.0,0.0,0.0,1.0,0.4,0.0,0.0,126.0,1000.0,0.1,0.0,42.63,0.0,0.0,0.0,62.0
675,4450000.0,4.0,0.0,0.0,0.0,17.0,0.0,1.3,33.0,53.8,28.0,-9.0,107.2,1010.0,-8.5,54.7,3328.43,2.0,1.0,9.6,63.0
676,5500000.0,0.0,0.0,0.0,0.0,27.0,1.0,1.3,44.0,57.3,20.0,-4.0,109.2,1012.0,2.7,59.0,3173.69,0.0,2.0,9.8,64.0
677,2750000.0,3.0,0.0,0.0,0.0,9.0,0.0,3.6,40.0,81.9,17.0,2.0,118.2,1016.0,-2.4,58.7,2805.96,2.0,0.0,10.6,65.0
678,3600000.0,0.0,0.0,0.0,0.0,3.0,0.0,2.3,8.0,58.5,7.0,-8.0,105.3,979.0,-8.5,36.3,2667.05,0.0,0.0,6.9,66.0
679,667500.0,0.0,0.0,0.0,0.0,2.0,0.0,0.2,0.0,6.0,2.0,3.0,112.7,1077.0,-0.6,66.7,434.58,0.0,0.0,12.8,67.0
680,700000.0,0.0,0.0,0.0,0.0,3.0,0.0,0.5,7.0,19.8,6.0,-3.0,101.2,1017.0,-5.4,45.5,1940.11,0.0,1.0,8.4,68.0
681,900000.0,0.0,0.0,0.0,0.0,16.0,0.0,0.2,2.0,12.8,6.0,-3.0,93.8,1007.0,-7.2,40.0,2087.23,0.0,0.0,6.3,69.0
682,800000.0,1.0,0.0,0.0,0.0,9.0,0.0,3.1,14.0,35.6,18.0,7.0,108.8,1007.0,5.2,60.0,3169.6,3.0,0.0,6.9,70.0
683,768150.0,0.0,0.0,0.0,0.0,2.0,0.0,0.1,2.0,3.2,2.0,-1.0,92.1,996.0,0.8,40.0,417.47,0.0,0.0,6.9,71.0
684,2600000.0,5.0,0.0,0.0,0.0,19.0,0.0,1.7,30.0,46.9,13.0,13.0,111.1,1011.0,15.6,59.8,3333.99,1.0,2.0,10.2,72.0
685,6000000.0,7.0,0.0,0.0,0.0,21.0,0.0,1.6,38.0,56.8,8.0,3.0,118.2,1013.0,9.1,61.5,3253.56,0.0,1.0,8.8,73.0
686,2800000.0,1.0,0.0,0.0,0.0,6.0,0.0,4.8,17.0,82.7,14.0,23.0,105.8,1029.0,-5.4,52.1,3045.6,0.0,0.0,9.7,74.0
687,1000000.0,1.0,0.0,0.0,0.0,7.0,0.0,4.5,10.0,68.9,16.0,25.0,115.2,1020.0,6.6,53.2,2706.97,2.0,0.0,10.1,75.0
688,925000.0,1.0,0.0,0.0,0.0,5.0,0.0,0.6,24.0,15.9,5.0,1.0,114.6,972.0,4.9,48.1,1403.68,0.0,0.0,5.4,76.0
689,918750.0,1.0,0.0,0.0,0.0,7.0,0.0,0.9,13.0,32.3,11.0,-4.0,115.9,970.0,-1.4,41.1,1599.08,2.0,0.0,7.2,77.0
690,6000000.0,1.0,0.0,0.0,0.0,13.0,0.0,2.4,21.0,65.2,20.0,-20.0,103.3,997.0,-2.6,51.1,2570.19,2.0,1.0,8.7,78.0
691,650000.0,0.0,0.0,0.0,0.0,7.0,0.0,0.4,8.0,14.4,8.0,-1.0,107.2,993.0,1.5,45.5,1690.22,0.0,0.0,5.3,79.0
692,650000.0,0.0,0.0,0.0,0.0,3.0,0.0,0.3,10.0,26.2,7.0,-5.0,110.5,966.0,-2.0,22.6,1936.17,0.0,0.0,4.6,80.0
693,832500.0,2.0,0.0,0.0,0.0,9.0,0.0,0.6,30.0,30.3,7.0,-7.0,114.2,1003.0,-2.3,50.0,2412.25,0.0,0.0,7.9,81.0
694,6500000.0,0.0,0.0,0.0,0.0,5.0,0.0,4.6,38.0,79.2,9.0,14.0,113.0,1018.0,6.6,58.0,3077.19,3.0,0.0,8.8,82.0
695,575000.0,0.0,0.0,0.0,0.0,0.0,0.0,0.0,0.0,0.8,0.0,-1.0,112.8,889.0,0.6,0.0,76.18,0.0,0.0,0.0,83.0
696,775000.0,0.0,0.0,0.0,0.0,0.0,0.0,0.0,1.0,0.3,0.0,0.0,91.1,1000.0,0.2,0.0,39.87,0.0,0.0,0.0,84.0
697,692500.0,0.0,0.0,0.0,0.0,0.0,0.0,0.9,0.0,10.9,1.0,2.0,98.5,971.0,-0.4,40.0,688.76,0.0,0.0,6.3,85.0
698,692500.0,0.0,0.0,0.0,0.0,0.0,0.0,-0.1,1.0,0.7,0.0,-2.0,109.3,750.0,0.4,0.0,43.52,0.0,0.0,0.0,86.0
699,1500000.0,0.0,0.0,0.0,0.0,8.0,0.0,0.0,11.0,15.4,14.0,-11.0,108.0,948.0,1.7,27.3,2154.43,0.0,0.0,3.1,87.0
700,600000.0,0.0,0.0,0.0,0.0,0.0,0.0,0.0,2.0,2.2,0.0,-2.0,113.6,976.0,-0.9,50.0,305.04,0.0,0.0,5.3,88.0
701,5000000.0,4.0,0.0,0.0,0.0,15.0,0.0,2.4,44.0,60.6,19.0,15.0,114.8,1027.0,8.5,63.2,3277.64,1.0,0.0,10.4,89.0
702,1250000.0,1.0,0.0,0.0,0.0,10.0,0.0,3.4,29.0,77.5,13.0,-7.0,112.5,1002.0,-9.3,43.9,2838.63,0.0,0.0,9.0,90.0
703,600000.0,0.0,0.0,0.0,0.0,0.0,0.0,0.0,0.0,0.2,0.0,-1.0,88.7,500.0,0.1,0.0,36.46,0.0,0.0,0.0,91.0
704,600000.0,0.0,0.0,0.0,0.0,0.0,0.0,0.0,0.0,1.1,0.0,0.0,106.1,1133.0,-0.6,50.0,38.53,0.0,0.0,20.0,92.0
705,832500.0,5.0,0.0,0.0,0.0,15.0,0.0,1.7,26.0,31.3,9.0,10.0,102.2,1001.0,10.9,59.0,2327.74,0.0,0.0,9.2,93.0
706,4083300.0,0.0,0.0,0.0,0.0,6.0,0.0,2.6,11.0,52.1,6.0,17.0,118.9,1026.0,7.6,55.4,2038.75,0.0,0.0,9.0,94.0
707,692500.0,0.0,0.0,0.0,0.0,1.0,0.0,0.1,2.0,2.1,1.0,-1.0,96.2,958.0,0.8,33.3,360.63,0.0,0.0,2.5,95.0
708,850000.0,0.0,0.0,0.0,0.0,5.0,0.0,1.5,13.0,45.5,13.0,2.0,106.5,1011.0,-3.3,43.8,2238.16,0.0,0.0,9.6,96.0
709,800000.0,1.0,0.0,0.0,0.0,3.0,0.0,0.5,5.0,25.7,10.0,-11.0,109.9,963.0,-5.7,35.4,1260.09,0.0,0.0,6.8,97.0
710,2750000.0,6.0,0.0,0.0,0.0,10.0,0.0,1.9,49.0,68.2,8.0,17.0,113.3,1032.0,-10.3,53.8,3437.63,2.0,1.0,11.7,98.0
711,725000.0,0.0,0.0,0.0,0.0,4.0,1.0,0.3,3.0,11.3,3.0,0.0,99.3,1012.0,-2.3,52.0,1293.06,0.0,0.0,9.6,99.0
712,867500.0,2.0,0.0,0.0,0.0,13.0,0.0,1.0,26.0,45.8,7.0,-4.0,114.3,995.0,1.7,51.7,3398.94,0.0,0.0,7.7,100.0
713,6000000.0,1.0,0.0,0.0,0.0,6.0,0.0,2.7,10.0,64.1,8.0,8.0,116.6,1012.0,-9.0,46.6,2283.22,1.0,0.0,9.4,101.0
714,3900000.0,1.0,0.0,0.0,0.0,6.0,0.0,1.8,19.0,37.2,10.0,6.0,116.0,987.0,6.8,55.8,2660.06,2.0,1.0,8.5,102.0
715,900000.0,1.0,0.0,0.0,0.0,10.0,0.0,0.9,16.0,38.7,20.0,-1.0,98.5,1002.0,-2.5,41.7,3182.09,1.0,0.0,8.5,103.0
716,625000.0,0.0,0.0,0.0,0.0,0.0,0.0,0.1,3.0,3.9,1.0,0.0,98.0,1021.0,-0.6,60.0,343.73,0.0,0.0,6.8,104.0
717,645000.0,3.0,0.0,0.0,0.0,10.0,0.0,0.7,23.0,23.0,9.0,-1.0,108.0,983.0,7.7,48.8,2076.9,0.0,0.0,6.3,105.0
718,832500.0,2.0,0.0,0.0,0.0,10.0,0.0,1.5,51.0,44.5,8.0,-6.0,107.9,992.0,5.8,56.5,3209.85,2.0,1.0,8.4,106.0
719,925000.0,0.0,0.0,0.0,0.0,2.0,0.0,0.0,2.0,4.1,0.0,-2.0,98.8,926.0,-0.1,20.0,358.38,0.0,0.0,3.1,107.0
720,4250000.0,1.0,0.0,0.0,0.0,16.0,0.0,2.4,40.0,47.4,5.0,25.0,106.7,1049.0,10.0,71.6,3177.54,2.0,0.0,12.1,108.0
721,6500000.0,1.0,0.0,0.0,0.0,8.0,0.0,1.7,50.0,58.4,10.0,-1.0,113.2,1014.0,0.8,59.1,3365.95,3.0,2.0,9.9,109.0
722,4900000.0,0.0,0.0,0.0,0.0,8.0,0.0,4.2,11.0,62.4,12.0,13.0,113.0,1008.0,2.6,49.5,2431.07,0.0,0.0,8.3,110.0
723,925000.0,5.0,0.0,0.0,0.0,12.0,0.0,1.3,25.0,46.2,4.0,-11.0,115.9,1015.0,5.4,61.7,3117.42,0.0,0.0,9.8,111.0
724,1100000.0,0.0,0.0,0.0,0.0,4.0,0.0,0.6,7.0,20.6,8.0,-1.0,103.3,1005.0,-4.1,50.0,1560.56,0.0,0.0,8.6,112.0
725,3500000.0,1.0,0.0,0.0,0.0,13.0,1.0,1.6,22.0,49.5,23.0,9.0,118.5,1013.0,5.5,61.6,3204.26,5.0,0.0,9.8,113.0
726,5000000.0,4.0,0.0,0.0,0.0,6.0,0.0,1.6,22.0,63.8,9.0,-34.0,108.1,972.0,-9.3,42.9,2604.83,2.0,0.0,7.0,114.0
727,5000000.0,2.0,0.0,0.0,1.0,25.0,0.0,1.0,58.0,54.4,35.0,-7.0,123.3,1014.0,3.8,58.7,3290.62,0.0,1.0,10.4,115.0
728,925000.0,0.0,0.0,0.0,0.0,0.0,0.0,0.3,5.0,3.6,2.0,3.0,96.7,1047.0,2.6,66.7,492.49,0.0,0.0,9.5,116.0
729,5375000.0,3.0,0.0,0.0,0.0,9.0,0.0,3.6,15.0,106.8,14.0,-9.0,114.9,994.0,-20.4,43.4,3009.29,1.0,1.0,9.4,117.0
730,630000.0,0.0,0.0,0.0,0.0,0.0,0.0,0.0,0.0,0.1,0.0,0.0,156.6,1000.0,0.5,0.0,38.8,0.0,0.0,0.0,118.0
731,650000.0,3.0,0.0,0.0,1.0,14.0,0.0,5.5,9.0,75.8,16.0,8.0,104.8,998.0,4.1,46.8,3007.47,0.0,0.0,7.3,119.0
732,575000.0,0.0,0.0,0.0,0.0,0.0,0.0,-0.1,3.0,3.1,0.0,-3.0,111.8,885.0,-0.5,0.0,265.35,0.0,0.0,0.0,120.0
733,832500.0,0.0,0.0,0.0,0.0,0.0,0.0,0.1,1.0,2.7,1.0,1.0,94.2,1013.0,0.9,66.7,424.64,0.0,0.0,4.8,121.0
734,9000000.0,2.0,0.0,0.0,0.0,23.0,1.0,1.4,38.0,55.2,18.0,-15.0,122.3,994.0,3.0,60.2,3274.26,4.0,0.0,9.6,122.0
735,692500.0,0.0,0.0,0.0,0.0,0.0,0.0,-0.1,1.0,3.5,2.0,-3.0,113.7,925.0,-1.9,0.0,286.56,0.0,0.0,0.0,123.0
736,575000.0,0.0,0.0,0.0,0.0,0.0,0.0,0.1,3.0,1.8,1.0,1.0,111.5,1058.0,-0.2,66.7,130.21,0.0,0.0,11.1,124.0
737,1900000.0,4.0,0.0,0.0,0.0,4.0,0.0,0.6,29.0,32.9,15.0,-12.0,102.7,970.0,-11.9,31.8,2663.43,0.0,0.0,4.5,125.0
738,3800000.0,4.0,0.0,0.0,0.0,5.0,0.0,1.9,23.0,40.4,6.0,10.0,109.4,1028.0,4.1,62.2,2717.89,5.0,1.0,11.3,126.0
739,667500.0,0.0,0.0,0.0,0.0,11.0,0.0,1.2,14.0,32.9,4.0,15.0,115.5,1032.0,0.8,54.5,1981.35,0.0,0.0,10.3,127.0
740,3750000.0,2.0,0.0,0.0,0.0,8.0,0.0,2.0,28.0,57.9,10.0,-2.0,111.1,985.0,2.0,42.5,2724.14,2.0,1.0,8.5,128.0
741,655000.0,0.0,0.0,0.0,0.0,1.0,0.0,0.2,2.0,3.8,0.0,-1.0,97.2,969.0,-0.4,44.4,229.48,0.0,0.0,9.1,129.0
742,3700000.0,5.0,0.0,0.0,0.0,12.0,0.0,1.3,43.0,51.8,16.0,-7.0,104.2,985.0,2.4,46.3,3449.03,2.0,0.0,8.1,130.0
743,900000.0,0.0,0.0,0.0,0.0,5.0,0.0,-0.1,8.0,13.1,3.0,-11.0,107.6,950.0,0.1,39.3,1674.95,0.0,1.0,6.1,131.0
744,1300000.0,0.0,0.0,0.0,0.0,0.0,0.0,1.1,7.0,27.4,5.0,-2.0,107.2,983.0,0.1,43.5,1456.59,0.0,0.0,7.4,132.0
745,4250000.0,5.0,1.0,0.0,0.0,21.0,0.0,1.2,32.0,70.8,6.0,-20.0,104.9,989.0,-16.1,44.1,3319.57,1.0,3.0,7.5,133.0
746,1250000.0,2.0,0.0,0.0,0.0,9.0,0.0,1.1,17.0,25.2,11.0,-2.0,101.5,977.0,2.5,47.1,2968.33,1.0,0.0,4.2,134.0
747,750000.0,0.0,0.0,0.0,0.0,2.0,0.0,0.5,10.0,29.4,15.0,-12.0,109.6,971.0,-8.2,33.3,1667.13,0.0,0.0,5.7,135.0
748,6750000.0,7.0,0.0,0.0,0.0,31.0,2.0,1.3,44.0,50.6,2.0,-7.0,112.2,1006.0,9.9,59.8,2779.74,1.0,0.0,9.7,136.0
749,5500000.0,3.0,0.0,1.0,1.0,20.0,1.0,1.3,28.0,34.2,19.0,4.0,110.7,1022.0,5.3,62.7,2722.23,0.0,2.0,9.4,137.0
750,925000.0,0.0,0.0,0.0,0.0,0.0,0.0,0.0,0.0,0.1,0.0,0.0,78.3,1000.0,-0.1,0.0,43.75,0.0,0.0,0.0,138.0
751,5500000.0,2.0,0.0,0.0,0.0,17.0,1.0,0.8,65.0,54.0,21.0,-25.0,108.1,955.0,1.2,39.0,2933.83,2.0,1.0,7.1,139.0
752,925000.0,0.0,0.0,0.0,0.0,2.0,0.0,-0.1,3.0,2.2,1.0,-3.0,129.5,899.0,0.0,20.0,151.61,0.0,0.0,4.2,140.0
753,575000.0,0.0,0.0,0.0,1.0,1.0,0.0,0.0,0.0,2.3,4.0,0.0,82.6,1076.0,-1.5,50.0,518.77,0.0,0.0,16.7,141.0
754,800000.0,1.0,0.0,0.0,1.0,8.0,0.0,1.1,32.0,42.4,13.0,-6.0,101.9,978.0,4.2,45.7,3341.73,0.0,0.0,7.3,142.0
755,3500000.0,1.0,0.0,0.0,0.0,6.0,0.0,3.1,15.0,50.7,7.0,3.0,99.1,1005.0,-5.8,42.5,1970.03,0.0,1.0,8.8,143.0
756,832500.0,1.0,0.0,0.0,0.0,4.0,0.0,0.9,4.0,26.1,14.0,-6.0,113.2,984.0,-2.4,49.1,1383.44,0.0,0.0,8.5,144.0
757,742500.0,0.0,0.0,0.0,0.0,0.0,0.0,-0.1,0.0,3.0,1.0,-3.0,100.4,903.0,-1.6,20.0,171.26,0.0,0.0,6.3,145.0
758,1250000.0,0.0,0.0,0.0,0.0,2.0,0.0,0.0,3.0,4.8,2.0,-4.0,109.8,960.0,-0.8,28.6,535.45,0.0,0.0,3.7,146.0
759,900000.0,0.0,0.0,0.0,0.0,5.0,0.0,1.0,6.0,27.5,6.0,-4.0,106.3,996.0,-4.4,45.0,1559.37,0.0,0.0,6.8,147.0
760,5750000.0,0.0,0.0,0.0,0.0,10.0,0.0,1.3,8.0,63.6,21.0,-7.0,104.0,987.0,4.3,42.1,2105.64,0.0,0.0,9.7,148.0
761,742500.0,0.0,0.0,0.0,0.0,0.0,0.0,0.0,0.0,0.6,1.0,-1.0,95.4,909.0,-0.6,0.0,83.24,0.0,0.0,0.0,149.0
762,5000000.0,4.0,0.0,0.0,0.0,14.0,0.0,1.2,37.0,53.0,16.0,-2.0,122.4,1019.0,1.9,60.8,3329.66,1.0,1.0,10.8,150.0
763,575000.0,0.0,0.0,0.0,0.0,0.0,0.0,0.0,0.0,0.4,1.0,0.0,106.1,1000.0,-0.2,0.0,47.05,0.0,0.0,0.0,151.0
764,700000.0,3.0,0.0,0.0,0.0,18.0,0.0,1.5,40.0,58.3,3.0,0.0,109.5,990.0,1.1,42.7,3363.45,1.0,0.0,7.8,152.0
765,6000000.0,2.0,0.0,0.0,0.0,14.0,0.0,0.5,60.0,57.1,6.0,-34.0,109.0,958.0,-1.2,40.3,3111.05,1.0,1.0,7.3,153.0
766,2000000.0,4.0,0.0,0.0,0.0,12.0,0.0,1.3,34.0,82.8,3.0,-8.0,117.6,993.0,-14.8,42.9,3292.21,1.0,1.0,6.9,154.0
767,725000.0,0.0,0.0,0.0,0.0,1.0,0.0,0.2,4.0,4.7,1.0,2.0,93.6,1036.0,-0.1,66.7,615.06,0.0,0.0,7.8,155.0
768,725000.0,0.0,0.0,0.0,0.0,3.0,0.0,0.1,0.0,3.0,2.0,0.0,99.2,1043.0,-0.6,50.0,507.86,0.0,0.0,8.7,156.0
769,2000000.0,3.0,0.0,0.0,0.0,5.0,0.0,0.6,33.0,40.4,15.0,-8.0,113.5,1010.0,-5.4,57.7,2839.4,1.0,0.0,8.2,157.0
770,900000.0,0.0,0.0,0.0,0.0,23.0,0.0,1.4,42.0,83.8,15.0,2.0,124.3,986.0,4.4,41.1,3257.46,0.0,1.0,7.5,158.0
771,590000.0,0.0,0.0,0.0,0.0,0.0,0.0,0.0,0.0,0.2,1.0,1.0,113.0,1250.0,-0.2,100.0,41.78,1.0,0.0,25.0,159.0
772,5000000.0,2.0,0.0,0.0,0.0,8.0,1.0,-0.2,16.0,31.6,13.0,-22.0,117.2,931.0,-2.5,37.9,1940.45,0.0,0.0,5.7,160.0
773,950000.0,1.0,0.0,0.0,0.0,1.0,0.0,-0.2,3.0,10.2,2.0,-12.0,106.6,909.0,0.2,12.5,1240.42,0.0,0.0,1.4,161.0
774,7500000.0,3.0,0.0,0.0,0.0,16.0,0.0,4.0,24.0,80.5,17.0,-6.0,113.6,998.0,-7.4,52.3,3106.22,3.0,1.0,7.6,162.0
775,925000.0,5.0,1.0,0.0,0.0,51.0,0.0,3.0,76.0,69.7,13.0,27.0,116.8,1032.0,24.2,65.0,3153.75,0.0,0.0,12.4,163.0
776,2200000.0,0.0,0.0,0.0,0.0,10.0,0.0,0.8,17.0,29.0,10.0,-2.0,97.2,970.0,-2.7,34.0,2617.73,0.0,0.0,7.8,164.0
777,590000.0,2.0,0.0,0.0,0.0,10.0,0.0,0.8,6.0,35.6,9.0,8.0,106.8,1019.0,-0.2,44.2,2464.38,0.0,1.0,10.5,165.0
778,1700000.0,0.0,0.0,0.0,0.0,3.0,0.0,0.5,6.0,14.9,2.0,4.0,100.9,1038.0,-0.1,60.0,1330.31,0.0,0.0,6.2,166.0
779,925000.0,0.0,0.0,0.0,0.0,2.0,0.0,0.7,19.0,20.4,2.0,5.0,108.3,1031.0,-4.6,63.2,1613.06,0.0,0.0,6.1,167.0
780,1800000.0,3.0,0.0,0.0,0.0,6.0,0.0,1.1,24.0,57.2,6.0,-2.0,110.2,1026.0,-5.6,54.9,3516.58,2.0,0.0,11.7,168.0
781,5000000.0,5.0,0.0,0.0,0.0,10.0,0.0,1.2,24.0,41.7,8.0,-9.0,101.2,1002.0,-5.9,52.8,2382.8,2.0,0.0,9.1,169.0
782,600000.0,0.0,0.0,0.0,0.0,0.0,0.0,0.0,0.0,0.7,0.0,-1.0,89.5,833.0,0.6,0.0,139.76,0.0,0.0,0.0,170.0
783,4000000.0,0.0,0.0,0.0,0.0,2.0,0.0,0.8,6.0,12.7,4.0,5.0,107.4,1062.0,1.7,64.7,389.99,1.0,0.0,11.0,171.0
784,600000.0,1.0,0.0,0.0,0.0,3.0,0.0,1.1,4.0,14.4,7.0,2.0,109.5,1001.0,1.9,51.7,972.21,1.0,0.0,8.2,172.0
785,1600000.0,0.0,0.0,0.0,0.0,7.0,0.0,2.2,10.0,24.5,12.0,1.0,110.5,977.0,9.2,48.7,1847.91,1.0,0.0,4.8,173.0
786,925000.0,0.0,0.0,0.0,0.0,2.0,0.0,-0.1,11.0,10.3,2.0,-7.0,102.6,948.0,-1.7,38.1,751.16,0.0,0.0,6.3,174.0
787,8000000.0,4.0,0.0,0.0,0.0,5.0,1.0,2.2,51.0,56.6,8.0,19.0,112.3,1017.0,10.3,61.7,3325.31,3.0,1.0,9.6,175.0
788,8000000.0,7.0,0.0,0.0,0.0,14.0,1.0,4.0,65.0,91.0,40.0,10.0,109.1,997.0,9.9,51.4,2558.32,2.0,2.0,9.7,176.0
789,625000.0,0.0,0.0,0.0,0.0,1.0,0.0,0.1,1.0,3.3,1.0,0.0,107.4,982.0,1.9,57.1,271.29,0.0,0.0,7.0,177.0
790,925000.0,0.0,0.0,0.0,0.0,0.0,0.0,1.3,10.0,30.1,5.0,3.0,111.5,1013.0,-1.9,52.9,2460.43,1.0,0.0,7.9,178.0
791,4500000.0,3.0,0.0,0.0,0.0,21.0,0.0,2.0,70.0,53.2,13.0,15.0,112.3,1015.0,7.0,63.2,3177.35,1.0,2.0,9.6,179.0
792,4000000.0,2.0,0.0,0.0,0.0,5.0,0.0,0.7,15.0,21.6,4.0,-2.0,114.5,992.0,3.2,58.1,1173.76,1.0,0.0,9.4,180.0
793,812500.0,0.0,0.0,0.0,0.0,2.0,0.0,0.0,2.0,5.4,3.0,-2.0,107.8,986.0,-0.9,42.9,539.36,0.0,0.0,11.5,181.0
794,800000.0,4.0,0.0,0.0,0.0,14.0,0.0,0.5,17.0,28.9,15.0,-6.0,109.5,962.0,-3.2,30.4,2480.3,1.0,1.0,5.2,182.0
795,925000.0,0.0,0.0,0.0,0.0,0.0,0.0,0.2,0.0,2.4,0.0,1.0,111.1,1053.0,0.3,100.0,108.58,0.0,0.0,5.3,183.0
796,3000000.0,2.0,0.0,0.0,0.0,16.0,0.0,1.0,21.0,32.6,7.0,2.0,110.1,989.0,4.1,45.2,1698.01,0.0,0.0,10.2,184.0
797,2250000.0,0.0,0.0,0.0,0.0,3.0,0.0,0.2,10.0,13.7,5.0,-1.0,113.4,1003.0,-3.5,40.0,676.25,0.0,0.0,10.4,185.0
798,2500000.0,0.0,0.0,0.0,0.0,11.0,0.0,0.0,10.0,25.9,17.0,-21.0,101.9,956.0,-9.0,30.8,2635.51,0.0,0.0,6.0,186.0
799,2500000.0,2.0,0.0,0.0,0.0,13.0,0.0,2.5,35.0,71.2,16.0,4.0,111.6,1004.0,0.2,48.3,1996.83,4.0,2.0,9.6,187.0
800,4250000.0,0.0,0.0,0.0,0.0,10.0,0.0,2.2,9.0,50.1,19.0,-2.0,106.1,1013.0,-12.6,44.4,1907.26,0.0,0.0,9.4,188.0
801,635000.0,0.0,0.0,0.0,0.0,0.0,0.0,0.2,1.0,3.9,2.0,0.0,110.4,990.0,0.7,50.0,186.86,0.0,0.0,5.7,189.0
802,3350000.0,2.0,0.0,0.0,0.0,11.0,0.0,0.1,21.0,33.7,11.0,-19.0,111.9,980.0,-9.6,42.9,2229.79,1.0,0.0,6.1,190.0
803,2650000.0,3.0,0.0,0.0,0.0,3.0,0.0,2.7,14.0,48.8,17.0,-5.0,105.2,997.0,4.5,50.0,2652.01,2.0,0.0,7.2,191.0
804,640000.0,1.0,0.0,0.0,0.0,14.0,0.0,0.5,17.0,21.4,4.0,-5.0,104.0,987.0,-3.4,48.5,1938.39,2.0,0.0,5.7,192.0
805,600000.0,2.0,0.0,0.0,0.0,2.0,0.0,0.3,5.0,17.5,3.0,-8.0,100.3,985.0,-5.0,45.2,1088.91,0.0,0.0,7.1,193.0
806,4500000.0,0.0,0.0,0.0,0.0,7.0,0.0,2.2,19.0,75.2,9.0,-7.0,118.5,977.0,-0.1,42.9,3066.05,0.0,0.0,7.5,194.0
807,2000000.0,0.0,0.0,0.0,0.0,5.0,0.0,1.3,15.0,60.6,19.0,-25.0,101.2,953.0,-9.3,28.7,2539.7,0.0,0.0,7.0,195.0
808,1250000.0,0.0,0.0,0.0,1.0,1.0,0.0,0.8,3.0,19.8,12.0,-1.0,99.0,998.0,-1.0,45.2,1110.04,0.0,0.0,11.8,196.0
809,600000.0,0.0,0.0,0.0,0.0,0.0,0.0,0.0,1.0,0.7,0.0,0.0,75.6,1000.0,0.1,0.0,167.27,0.0,0.0,0.0,197.0
810,742500.0,0.0,0.0,0.0,0.0,0.0,0.0,0.0,0.0,0.5,0.0,-1.0,97.0,800.0,0.2,0.0,41.45,0.0,0.0,0.0,198.0
811,575000.0,0.0,0.0,0.0,0.0,0.0,0.0,0.2,0.0,4.4,5.0,0.0,106.8,993.0,0.9,45.5,398.32,0.0,0.0,11.1,199.0
812,2000000.0,2.0,0.0,0.0,0.0,2.0,0.0,0.5,24.0,32.5,7.0,2.0,109.5,999.0,1.5,40.0,2272.45,0.0,0.0,7.9,200.0
813,6000000.0,2.0,0.0,0.0,0.0,11.0,0.0,1.2,48.0,77.1,12.0,-10.0,118.0,989.0,-0.2,47.6,3458.67,0.0,0.0,7.8,201.0
814,925000.0,0.0,0.0,0.0,0.0,0.0,0.0,0.2,3.0,5.6,1.0,-1.0,114.9,1002.0,1.8,56.3,527.3,0.0,0.0,9.4,202.0
815,9250000.0,1.0,0.0,0.0,0.0,12.0,0.0,2.1,61.0,64.4,17.0,7.0,113.6,1019.0,3.7,57.8,2828.09,4.0,1.0,11.2,203.0
816,875000.0,7.0,0.0,0.0,1.0,10.0,0.0,1.7,30.0,47.3,18.0,14.0,111.8,1034.0,0.8,62.6,3330.52,0.0,1.0,10.3,204.0
817,9500000.0,2.0,0.0,0.0,0.0,3.0,0.0,0.5,15.0,11.9,7.0,3.0,114.2,1039.0,1.5,67.6,692.83,3.0,0.0,13.3,205.0
818,3750000.0,1.0,0.0,0.0,0.0,5.0,0.0,1.4,14.0,49.9,9.0,-4.0,117.0,969.0,-3.3,35.7,1980.27,2.0,0.0,7.9,206.0
819,832500.0,1.0,0.0,0.0,0.0,6.0,0.0,0.2,7.0,10.2,8.0,-4.0,98.5,993.0,-3.4,45.0,1328.96,0.0,0.0,7.1,207.0
820,6000000.0,0.0,0.0,0.0,0.0,11.0,0.0,3.1,22.0,68.6,17.0,9.0,109.7,1001.0,-1.9,44.7,2646.43,1.0,0.0,9.1,208.0
821,7500000.0,3.0,0.0,0.0,0.0,15.0,0.0,2.7,38.0,52.4,11.0,15.0,102.1,1024.0,13.1,63.0,3148.71,0.0,0.0,10.7,209.0
822,1000000.0,0.0,0.0,0.0,0.0,8.0,0.0,1.0,33.0,37.5,11.0,2.0,98.7,1009.0,-2.9,42.2,2952.67,0.0,0.0,9.9,210.0
823,925000.0,0.0,0.0,0.0,0.0,1.0,0.0,0.2,2.0,2.3,1.0,2.0,109.8,1027.0,2.5,75.0,261.76,0.0,0.0,6.4,211.0
824,925000.0,0.0,0.0,0.0,0.0,1.0,0.0,0.2,3.0,9.3,0.0,0.0,121.8,1025.0,-5.5,50.0,579.44,0.0,0.0,7.0,212.0
825,650000.0,3.0,0.0,0.0,0.0,4.0,0.0,0.5,11.0,14.7,0.0,5.0,108.6,1043.0,-3.0,60.0,1484.42,0.0,0.0,9.3,213.0
826,600000.0,0.0,0.0,0.0,0.0,2.0,0.0,0.0,5.0,6.3,1.0,-3.0,113.5,948.0,0.7,36.4,625.86,0.0,0.0,4.2,214.0
827,874125.0,0.0,0.0,0.0,0.0,1.0,0.0,0.0,1.0,1.1,0.0,-1.0,100.7,941.0,1.9,0.0,282.4,0.0,0.0,0.0,215.0
828,4000000.0,0.0,0.0,0.0,0.0,0.0,0.0,0.0,3.0,2.9,1.0,-2.0,115.1,950.0,-0.2,33.3,205.64,0.0,0.0,7.1,216.0
829,850000.0,1.0,0.0,0.0,0.0,4.0,0.0,2.1,9.0,32.4,13.0,10.0,111.2,1023.0,2.5,52.5,1944.57,0.0,0.0,8.8,217.0
830,1000000.0,6.0,0.0,0.0,0.0,19.0,0.0,1.2,30.0,52.5,12.0,-2.0,124.3,1004.0,4.4,61.2,3132.45,3.0,2.0,10.0,218.0
831,650000.0,2.0,0.0,0.0,0.0,1.0,0.0,1.5,7.0,32.1,12.0,-3.0,107.0,983.0,1.8,41.3,2088.63,0.0,1.0,5.5,219.0
832,5000000.0,3.0,0.0,0.0,0.0,20.0,0.0,3.3,22.0,53.4,11.0,-10.0,115.3,984.0,10.2,58.7,2925.71,2.0,0.0,8.3,220.0
833,6000000.0,4.0,0.0,0.0,0.0,17.0,0.0,2.4,18.0,94.1,24.0,-25.0,113.0,1000.0,-19.5,48.6,2756.89,2.0,0.0,9.0,221.0
834,6500000.0,1.0,0.0,0.0,0.0,10.0,0.0,1.9,43.0,72.1,14.0,-8.0,106.7,999.0,-0.3,50.3,3177.42,1.0,0.0,9.7,222.0
835,850000.0,0.0,0.0,0.0,0.0,8.0,0.0,1.5,16.0,24.4,20.0,20.0,110.6,1050.0,5.1,71.7,2600.3,0.0,0.0,9.9,223.0
836,4000000.0,3.0,0.0,0.0,0.0,12.0,0.0,1.3,26.0,53.2,14.0,-5.0,109.1,1024.0,-3.5,56.5,2685.86,2.0,0.0,10.9,224.0
837,11000000.0,7.0,0.0,0.0,0.0,22.0,0.0,1.9,58.0,74.6,4.0,-1.0,117.7,1018.0,-2.4,55.4,2809.55,4.0,0.0,9.9,225.0
838,675000.0,0.0,0.0,0.0,0.0,0.0,0.0,0.2,3.0,3.4,1.0,1.0,112.9,1010.0,0.9,60.0,309.0,0.0,0.0,7.5,226.0
839,832500.0,0.0,0.0,0.0,0.0,0.0,0.0,0.1,0.0,0.0,0.0,1.0,121.5,1500.0,0.1,100.0,39.7,0.0,0.0,50.0,227.0
840,925000.0,0.0,0.0,0.0,0.0,0.0,0.0,0.1,0.0,0.9,0.0,0.0,112.6,1000.0,-0.1,50.0,35.93,0.0,0.0,9.1,228.0
841,925000.0,0.0,0.0,0.0,0.0,0.0,0.0,0.0,1.0,0.2,0.0,0.0,100.1,1000.0,0.0,0.0,37.32,0.0,0.0,0.0,229.0
842,2000000.0,1.0,1.0,0.0,0.0,6.0,0.0,1.0,20.0,60.4,14.0,1.0,119.7,1006.0,-7.5,46.2,3467.95,1.0,0.0,9.4,230.0
843,1100000.0,3.0,0.0,0.0,0.0,7.0,0.0,0.3,22.0,27.5,10.0,-8.0,112.1,1000.0,-8.3,57.1,2477.39,1.0,1.0,9.5,231.0
844,4500000.0,3.0,0.0,0.0,0.0,17.0,0.0,2.3,49.0,50.8,18.0,28.0,114.2,1063.0,1.7,71.4,2779.79,2.0,2.0,13.6,232.0
845,2125000.0,0.0,0.0,0.0,0.0,4.0,0.0,0.6,10.0,32.9,4.0,0.0,108.0,1003.0,-2.5,44.9,1757.26,2.0,0.0,8.0,233.0
846,2500000.0,2.0,0.0,0.0,0.0,11.0,1.0,1.1,36.0,45.6,15.0,9.0,113.3,1014.0,1.4,50.0,2585.85,0.0,0.0,9.0,234.0
847,2350000.0,1.0,0.0,0.0,0.0,15.0,0.0,1.7,31.0,55.7,28.0,6.0,117.1,989.0,6.5,45.9,3037.02,1.0,0.0,7.3,235.0
848,725000.0,0.0,0.0,0.0,0.0,0.0,0.0,0.0,0.0,0.6,2.0,0.0,114.6,1000.0,-0.5,0.0,78.92,0.0,0.0,0.0,236.0
849,650000.0,3.0,0.0,0.0,0.0,11.0,0.0,1.5,17.0,37.8,11.0,10.0,112.9,1026.0,14.8,69.2,3429.2,3.0,0.0,10.3,237.0
850,792500.0,0.0,0.0,0.0,0.0,0.0,0.0,-0.1,1.0,2.3,0.0,-3.0,120.0,833.0,-1.6,0.0,79.73,0.0,0.0,0.0,238.0
851,742500.0,0.0,0.0,0.0,0.0,0.0,0.0,0.0,0.0,1.1,2.0,0.0,88.5,1017.0,0.2,50.0,197.85,0.0,0.0,6.7,239.0
852,925000.0,0.0,0.0,0.0,0.0,7.0,0.0,0.4,8.0,12.0,2.0,-1.0,107.2,994.0,-1.8,52.0,1144.35,0.0,0.0,7.4,240.0
853,6000000.0,0.0,0.0,0.0,0.0,6.0,0.0,2.7,17.0,83.3,18.0,-20.0,110.9,980.0,-11.7,39.9,2414.76,1.0,0.0,7.0,241.0
854,7000000.0,4.0,0.0,0.0,0.0,7.0,0.0,1.0,29.0,58.3,13.0,-27.0,103.3,979.0,-13.0,47.8,3261.83,1.0,0.0,8.0,242.0
855,925000.0,0.0,0.0,0.0,0.0,0.0,0.0,-0.1,1.0,1.8,0.0,-3.0,100.2,842.0,0.8,20.0,167.32,0.0,0.0,5.3,243.0
856,925000.0,4.0,0.0,0.0,0.0,15.0,0.0,0.8,30.0,32.3,5.0,-5.0,108.2,979.0,3.4,50.0,2457.92,0.0,0.0,6.6,244.0
857,650000.0,0.0,0.0,0.0,0.0,0.0,0.0,0.1,1.0,0.7,0.0,1.0,99.8,1050.0,0.7,100.0,210.62,0.0,0.0,5.0,245.0
858,600000.0,1.0,0.0,0.0,0.0,0.0,0.0,0.5,4.0,14.8,4.0,0.0,105.1,1004.0,-2.9,47.4,621.12,0.0,0.0,6.7,246.0
859,767500.0,0.0,0.0,0.0,0.0,3.0,0.0,1.3,5.0,25.0,2.0,3.0,104.1,1021.0,-4.5,55.6,1475.38,2.0,0.0,7.7,247.0
860,650000.0,0.0,0.0,0.0,0.0,2.0,0.0,0.6,14.0,11.1,5.0,5.0,113.4,989.0,7.2,57.7,930.01,0.0,0.0,7.3,248.0
861,10000000.0,5.0,0.0,0.0,0.0,23.0,0.0,1.8,32.0,50.1,33.0,2.0,112.5,1016.0,5.5,61.2,3120.28,2.0,1.0,9.5,249.0
862,600000.0,0.0,0.0,0.0,0.0,0.0,0.0,0.0,0.0,0.2,0.0,0.0,75.0,1000.0,0.3,0.0,47.98,0.0,0.0,0.0,250.0
863,800000.0,1.0,0.0,0.0,0.0,7.0,0.0,1.8,25.0,71.5,7.0,0.0,109.5,993.0,2.2,46.8,2551.21,0.0,0.0,8.2,251.0
864,575000.0,2.0,0.0,0.0,0.0,12.0,0.0,0.8,17.0,35.9,8.0,-7.0,107.0,998.0,-6.6,48.2,2690.94,2.0,1.0,10.0,252.0
865,925000.0,0.0,0.0,0.0,0.0,4.0,0.0,2.0,42.0,59.6,13.0,-19.0,110.6,986.0,-2.8,50.4,3144.8,3.0,0.0,8.2,253.0
866,832500.0,3.0,0.0,0.0,0.0,8.0,0.0,0.8,27.0,47.3,15.0,-9.0,114.3,1016.0,-9.6,53.4,2376.76,0.0,0.0,10.7,254.0
867,1000000.0,0.0,0.0,0.0,0.0,10.0,1.0,0.9,20.0,58.3,14.0,4.0,111.6,985.0,3.3,40.0,3068.01,2.0,1.0,9.6,255.0
868,8000000.0,3.0,0.0,0.0,0.0,10.0,0.0,1.2,37.0,53.9,4.0,-9.0,106.4,993.0,-6.9,47.3,2639.81,0.0,0.0,7.7,256.0
869,632500.0,0.0,0.0,0.0,0.0,1.0,0.0,0.8,4.0,12.4,4.0,3.0,105.3,1030.0,-1.2,56.0,858.75,0.0,0.0,10.6,257.0
870,600000.0,1.0,0.0,0.0,0.0,1.0,0.0,0.1,4.0,6.7,2.0,-3.0,99.6,954.0,-3.6,25.0,588.65,0.0,0.0,5.2,258.0
871,5500000.0,5.0,0.0,0.0,0.0,5.0,0.0,4.7,17.0,61.1,32.0,12.0,113.6,1008.0,14.8,60.1,3133.83,2.0,0.0,9.0,259.0
872,832500.0,3.0,0.0,0.0,0.0,22.0,0.0,1.4,36.0,35.6,20.0,13.0,110.8,1017.0,7.1,60.3,3076.2,2.0,1.0,8.2,260.0
873,7000000.0,0.0,0.0,0.0,0.0,17.0,0.0,1.0,27.0,35.9,10.0,-3.0,118.0,1009.0,-1.5,57.0,2454.71,1.0,0.0,9.3,261.0
